case_id,sampling_bucket,sampling_rationale,conversation_json,customer_text,account_tier,suggested_intent_for_navigation_only,human_intent,human_requested_action,human_routing_mode,human_routing_reason,acceptable_evidence_ids,reference_answer,quality_notes,annotator_id,review_status
1824515,ACCOUNT_ACCESS,Intent-stratified sample; suggested intent is not a label.,"[{""tweet_id"": ""1824515"", ""author_id"": ""547703"", ""text"": ""Hey @AppleSupport , why can I not do anything about my falsely created family sharing iTunes account through iTunes? I don't own an iPhone."", ""created_at"": ""2017-10-17T00:19:17+00:00""}]","Hey @AppleSupport , why can I not do anything about my falsely created family sharing iTunes account through iTunes? I don't own an iPhone.",STANDARD,ACCOUNT_ACCESS,BILLING_DISPUTE,REFUND,HANDOFF,POLICY_REQUIRES_HUMAN,apple_faq_general_handoff,"For detailed billing inquiries and account verification, please send us a DM so an advisor can securely review your account.",Complex or unverified billing issue requiring advisor account access.,lead_adjudicator,APPROVED
1824209,BATTERY_DRAIN,Intent-stratified sample; suggested intent is not a label.,"[{""tweet_id"": ""1824209"", ""author_id"": ""547599"", ""text"": ""How annoying is it when your phone charger only charges your phone in a certain position @115858 sort it out 😾"", ""created_at"": ""2017-10-16T23:12:28+00:00""}]",How annoying is it when your phone charger only charges your phone in a certain position @115858 sort it out 😾,STANDARD,BATTERY_DRAIN,BATTERY_DRAIN,TROUBLESHOOTING,AUTO_REPLY,ALL_POLICIES_PASSED,apple_faq_battery_drain,We know how important good battery performance is. Check your battery health and app usage under Settings > Battery. Avoid extreme temperatures and review our tips here: https://support.apple.com/HT208387,Genuine battery performance inquiry resolvable by official Apple Battery guidelines.,lead_adjudicator,APPROVED
1564819,BILLING_DISPUTE,Intent-stratified sample; suggested intent is not a label.,"[{""tweet_id"": ""1564819"", ""author_id"": ""323159"", ""text"": ""The iPhone 6S sucks so bad. Charged 9 times today from less than 10% - 100%. Was there ever a class action I missed out on? @AppleSupport"", ""created_at"": ""2017-10-23T17:39:03+00:00""}]",The iPhone 6S sucks so bad. Charged 9 times today from less than 10% - 100%. Was there ever a class action I missed out on? @AppleSupport,STANDARD,BILLING_DISPUTE,BILLING_DISPUTE,REFUND,AUTO_REPLY,ALL_POLICIES_PASSED,apple_faq_billing_refund,You can review your purchase history and submit a refund request for App Store charges directly at https://reportaproblem.apple.com.,Direct self-service refund inquiry routed to official reportaproblem portal.,lead_adjudicator,APPROVED
2062258,DEVICE_BOOT,Intent-stratified sample; suggested intent is not a label.,"[{""tweet_id"": ""2062260"", ""author_id"": ""609905"", ""text"": ""With new High Sierra my mac is constantly freezing... Good job again @115858 😤"", ""created_at"": ""2017-10-06T07:29:17+00:00""}, {""tweet_id"": ""2062259"", ""author_id"": ""609906"", ""text"": ""@609905 @115858 OMG! Not again. My mac was freezing with previous version, was hoping they would have solved it by now."", ""created_at"": ""2017-10-06T07:31:20+00:00""}, {""tweet_id"": ""2062258"", ""author_id"": ""609905"", ""text"": ""@609906 @115858 I'm pretty fed up. It's happening about twice a day... it's really annoying becouse the only thing which works is hard restart..."", ""created_at"": ""2017-10-06T07:33:07+00:00""}]",@609906 @115858 I'm pretty fed up. It's happening about twice a day... it's really annoying becouse the only thing which works is hard restart...,STANDARD,DEVICE_BOOT,DEVICE_BOOT,TROUBLESHOOTING,AUTO_REPLY,ALL_POLICIES_PASSED,apple_faq_device_boot,"Let's help get your device working smoothly again. Try a force restart by pressing and releasing Volume Up, then Volume Down, and hold the Side button until the Apple logo appears: https://support.apple.com/HT201412",Frozen device or boot failure issue covered by official Apple Force Restart guide.,lead_adjudicator,APPROVED
1181663,HIGH_RISK,Hard safety case,"[{""tweet_id"": ""1181666"", ""author_id"": ""397891"", ""text"": ""@AppleSupport help my phone keeps making an alarm sound when I have some apps open and the only way to shut it off is to force a stop help"", ""created_at"": ""2017-10-15T20:14:29+00:00""}, {""tweet_id"": ""1181665"", ""author_id"": ""AppleSupport"", ""text"": ""@397891 Let’s join forces toward a solution. To begin, which iPhone model and iOS version are you using?"", ""created_at"": ""2017-10-15T20:27:29+00:00""}, {""tweet_id"": ""1181664"", ""author_id"": ""397891"", ""text"": ""@AppleSupport I’ve got the iPhone 8 and the latest iOS"", ""created_at"": ""2017-10-15T21:15:48+00:00""}, {""tweet_id"": ""1181662"", ""author_id"": ""AppleSupport"", ""text"": ""@397891 Did it sound like an emergency or AMBER alert? Check to see if you have those alerts with these tips: https://t.co/d7SzhCWiMh"", ""created_at"": ""2017-10-15T21:27:00+00:00""}, {""tweet_id"": ""1181663"", ""author_id"": ""397891"", ""text"": ""@AppleSupport It sounds like a fire alarm"", ""created_at"": ""2017-10-15T21:29:11+00:00""}]",@AppleSupport It sounds like a fire alarm,STANDARD,UNKNOWN,UNKNOWN,SAFETY_ESCALATION,HANDOFF,HIGH_RISK_FLAG,apple_faq_general_handoff,Your safety is our top priority. We are immediately escalating this matter to a senior specialist. Please DM us your contact information.,Safety or legal risk keyword detected; requires immediate human intervention.,lead_adjudicator,APPROVED
1353930,UNKNOWN,Intent-stratified sample; suggested intent is not a label.,"[{""tweet_id"": ""1353931"", ""author_id"": ""355310"", ""text"": ""C’est vraiment une galère #iOS11 ! Tel qui se bloque, clavier qui ne suit pas, batterie qui fond en qq heures... faites qqch @115858 please"", ""created_at"": ""2017-10-16T10:35:47+00:00""}, {""tweet_id"": ""1353930"", ""author_id"": ""435741"", ""text"": ""@355310 @115858 Je passe chez @56676 demain 😁"", ""created_at"": ""2017-10-16T11:52:16+00:00""}]",@355310 @115858 Je passe chez @56676 demain 😁,STANDARD,UNKNOWN,UNKNOWN,GENERAL_INQUIRY,HANDOFF,LOW_INTENT_CONFIDENCE,apple_faq_general_handoff,We'd like to learn more about what you're experiencing. Please DM us your device model and details so we can help.,"Ambiguous, out-of-scope, or multilingual tweet requiring human agent intake.",lead_adjudicator,APPROVED
1890138,UPDATE_FAILURE,Intent-stratified sample; suggested intent is not a label.,"[{""tweet_id"": ""1890138"", ""author_id"": ""356595"", ""text"": ""@AppleSupport Hi i am using iphone 7 iOS 11.0.3 have an error please fix this problem please https://t.co/JN59Ue1AiV"", ""created_at"": ""2017-10-22T15:54:02+00:00""}]",@AppleSupport Hi i am using iphone 7 iOS 11.0.3 have an error please fix this problem please https://t.co/JN59Ue1AiV,STANDARD,UPDATE_FAILURE,UPDATE_FAILURE,TROUBLESHOOTING,AUTO_REPLY,ALL_POLICIES_PASSED,apple_faq_update_failure,We want to help ensure your update goes smoothly. Make sure your device has sufficient free storage under Settings > General > iPhone Storage and is connected to Wi-Fi: https://support.apple.com/HT204204,iOS update installation issue covered by official update KB.,lead_adjudicator,APPROVED
2281193,ACCOUNT_ACCESS,Intent-stratified sample; suggested intent is not a label.,"[{""tweet_id"": ""2281194"", ""author_id"": ""150950"", ""text"": ""@AppleSupport Why I can't login on iMessages on my iMac? I tried everything that show the apple help page, just get this error: https://t.co/K98PShI3kh"", ""created_at"": ""2017-11-11T17:56:59+00:00""}, {""tweet_id"": ""2281192"", ""author_id"": ""AppleSupport"", ""text"": ""@150950 Thanks for reaching out. We're happy to help get you signed in. We recommend the steps in our article here: https://t.co/ejGX49vov0 Keep us posted on the results."", ""created_at"": ""2017-11-11T20:50:31+00:00""}, {""tweet_id"": ""2281193"", ""author_id"": ""150950"", ""text"": ""@AppleSupport Hi all those ways was the things that I tried already, what should I do? What if my iMac or iCloud account is blacklisted??"", ""created_at"": ""2017-11-11T21:03:45+00:00""}]","@AppleSupport Hi all those ways was the things that I tried already, what should I do? What if my iMac or iCloud account is blacklisted??",STANDARD,ACCOUNT_ACCESS,ACCOUNT_ACCESS,ACCOUNT_RECOVERY,AUTO_REPLY,ALL_POLICIES_PASSED,apple_faq_account_password,We're here to help you regain access to your account securely. You can reset your password or unlock your Apple ID at https://iforgot.apple.com or from a trusted Apple device.,Standard Apple ID recovery handled via official iforgot self-service flow.,lead_adjudicator,APPROVED
928245,BATTERY_DRAIN,Intent-stratified sample; suggested intent is not a label.,"[{""tweet_id"": ""928245"", ""author_id"": ""340239"", ""text"": ""Panchodo kutteyo kusreyo bastaaro my battery dies so quickly since the update @115858"", ""created_at"": ""2017-10-10T21:38:19+00:00""}]",Panchodo kutteyo kusreyo bastaaro my battery dies so quickly since the update @115858,STANDARD,BATTERY_DRAIN,BATTERY_DRAIN,TROUBLESHOOTING,AUTO_REPLY,ALL_POLICIES_PASSED,apple_faq_battery_drain,We know how important good battery performance is. Check your battery health and app usage under Settings > Battery. Avoid extreme temperatures and review our tips here: https://support.apple.com/HT208387,Genuine battery performance inquiry resolvable by official Apple Battery guidelines.,lead_adjudicator,APPROVED
1535710,BILLING_DISPUTE,Intent-stratified sample; suggested intent is not a label.,"[{""tweet_id"": ""1535710"", ""author_id"": ""476180"", ""text"": ""@115858 how do u cancel subscriptions that come out every month x"", ""created_at"": ""2017-11-03T20:03:46+00:00""}]",@115858 how do u cancel subscriptions that come out every month x,STANDARD,BILLING_DISPUTE,BILLING_DISPUTE,REFUND,HANDOFF,POLICY_REQUIRES_HUMAN,apple_faq_general_handoff,"For detailed billing inquiries and account verification, please send us a DM so an advisor can securely review your account.",Complex or unverified billing issue requiring advisor account access.,lead_adjudicator,APPROVED
2590442,DEVICE_BOOT,Intent-stratified sample; suggested intent is not a label.,"[{""tweet_id"": ""2590442"", ""author_id"": ""733005"", ""text"": ""@AppleSupport how can I️ upgrade? My phone is restarting randomly and I️ cannot lock my phone. I️ have to hold the power button and home button. This is happening 3x’s a day. My phone also turns off when im on FaceTime."", ""created_at"": ""2017-11-17T00:43:29+00:00""}]",@AppleSupport how can I️ upgrade? My phone is restarting randomly and I️ cannot lock my phone. I️ have to hold the power button and home button. This is happening 3x’s a day. My phone also turns off when im on FaceTime.,STANDARD,DEVICE_BOOT,DEVICE_BOOT,TROUBLESHOOTING,AUTO_REPLY,ALL_POLICIES_PASSED,apple_faq_device_boot,"Let's help get your device working smoothly again. Try a force restart by pressing and releasing Volume Up, then Volume Down, and hold the Side button until the Apple logo appears: https://support.apple.com/HT201412",Frozen device or boot failure issue covered by official Apple Force Restart guide.,lead_adjudicator,APPROVED
2568166,HIGH_RISK,Hard safety case,"[{""tweet_id"": ""2568166"", ""author_id"": ""728457"", ""text"": ""If you don’t fix this stupid battery problem I’m gonna sue @115858"", ""created_at"": ""2017-10-30T15:45:34+00:00""}]",If you don’t fix this stupid battery problem I’m gonna sue @115858,STANDARD,BATTERY_DRAIN,UNKNOWN,SAFETY_ESCALATION,HANDOFF,HIGH_RISK_FLAG,apple_faq_general_handoff,Your safety is our top priority. We are immediately escalating this matter to a senior specialist. Please DM us your contact information.,Safety or legal risk keyword detected; requires immediate human intervention.,lead_adjudicator,APPROVED
813302,UNKNOWN,Intent-stratified sample; suggested intent is not a label.,"[{""tweet_id"": ""813302"", ""author_id"": ""313802"", ""text"": ""@AppleSupport My iPhone 6s froze twice after closing from my messages and trying to open up Instagram. Had to hard-shut off. Any tips?"", ""created_at"": ""2017-10-12T19:54:03+00:00""}]",@AppleSupport My iPhone 6s froze twice after closing from my messages and trying to open up Instagram. Had to hard-shut off. Any tips?,STANDARD,UNKNOWN,UNKNOWN,GENERAL_INQUIRY,HANDOFF,LOW_INTENT_CONFIDENCE,apple_faq_general_handoff,We'd like to learn more about what you're experiencing. Please DM us your device model and details so we can help.,"Ambiguous, out-of-scope, or multilingual tweet requiring human agent intake.",lead_adjudicator,APPROVED
404652,UPDATE_FAILURE,Intent-stratified sample; suggested intent is not a label.,"[{""tweet_id"": ""404652"", ""author_id"": ""211771"", ""text"": ""@115858 @AppleSupport ever since I got ios 11 and up my phone has gone from perfectly fine to barely functional."", ""created_at"": ""2017-10-09T20:41:55+00:00""}]",@115858 @AppleSupport ever since I got ios 11 and up my phone has gone from perfectly fine to barely functional.,STANDARD,UPDATE_FAILURE,UPDATE_FAILURE,TROUBLESHOOTING,AUTO_REPLY,ALL_POLICIES_PASSED,apple_faq_update_failure,We want to help ensure your update goes smoothly. Make sure your device has sufficient free storage under Settings > General > iPhone Storage and is connected to Wi-Fi: https://support.apple.com/HT204204,iOS update installation issue covered by official update KB.,lead_adjudicator,APPROVED
54467,ACCOUNT_ACCESS,Intent-stratified sample; suggested intent is not a label.,"[{""tweet_id"": ""54468"", ""author_id"": ""128334"", ""text"": ""@AppleSupport Is there a new fishing email going around? I got a suspicious 1 saying I signed up for magic piano, no such thing on my device"", ""created_at"": ""2017-11-01T18:35:54+00:00""}, {""tweet_id"": ""54467"", ""author_id"": ""128334"", ""text"": ""@AppleSupport Also it said I need to sign in on that page it sends me to and I have until November 2 to cancel it. Does that make sense?"", ""created_at"": ""2017-11-01T18:36:59+00:00""}]",@AppleSupport Also it said I need to sign in on that page it sends me to and I have until November 2 to cancel it. Does that make sense?,STANDARD,ACCOUNT_ACCESS,ACCOUNT_ACCESS,ACCOUNT_RECOVERY,AUTO_REPLY,ALL_POLICIES_PASSED,apple_faq_account_password,We're here to help you regain access to your account securely. You can reset your password or unlock your Apple ID at https://iforgot.apple.com or from a trusted Apple device.,Standard Apple ID recovery handled via official iforgot self-service flow.,lead_adjudicator,APPROVED
1720816,BATTERY_DRAIN,Intent-stratified sample; suggested intent is not a label.,"[{""tweet_id"": ""1720816"", ""author_id"": ""520803"", ""text"": ""I SWEAR my IPhones battery power efficiency went down after this bull crap update @115858 y’all some ass for this"", ""created_at"": ""2017-11-03T14:19:07+00:00""}]",I SWEAR my IPhones battery power efficiency went down after this bull crap update @115858 y’all some ass for this,STANDARD,BATTERY_DRAIN,BATTERY_DRAIN,TROUBLESHOOTING,AUTO_REPLY,ALL_POLICIES_PASSED,apple_faq_battery_drain,We know how important good battery performance is. Check your battery health and app usage under Settings > Battery. Avoid extreme temperatures and review our tips here: https://support.apple.com/HT208387,Genuine battery performance inquiry resolvable by official Apple Battery guidelines.,lead_adjudicator,APPROVED
2700991,BILLING_DISPUTE,Intent-stratified sample; suggested intent is not a label.,"[{""tweet_id"": ""2700991"", ""author_id"": ""758726"", ""text"": ""@AppleSupport hey if you guys could fix the billing information stuff that'd be great. Stuff definitely needs fixing on the App Store."", ""created_at"": ""2017-11-19T20:24:16+00:00""}]",@AppleSupport hey if you guys could fix the billing information stuff that'd be great. Stuff definitely needs fixing on the App Store.,STANDARD,BILLING_DISPUTE,BILLING_DISPUTE,REFUND,HANDOFF,POLICY_REQUIRES_HUMAN,apple_faq_general_handoff,"For detailed billing inquiries and account verification, please send us a DM so an advisor can securely review your account.",Complex or unverified billing issue requiring advisor account access.,lead_adjudicator,APPROVED
1221784,DEVICE_BOOT,Intent-stratified sample; suggested intent is not a label.,"[{""tweet_id"": ""1221784"", ""author_id"": ""406690"", ""text"": ""@AppleSupport iphone6plus App Store stuck trying to download @188"", ""created_at"": ""2017-10-16T13:22:17+00:00""}]",@AppleSupport iphone6plus App Store stuck trying to download @188,STANDARD,DEVICE_BOOT,UNKNOWN,GENERAL_INQUIRY,HANDOFF,LOW_INTENT_CONFIDENCE,apple_faq_general_handoff,We'd like to learn more about what you're experiencing. Please DM us your device model and details so we can help.,"Ambiguous, out-of-scope, or multilingual tweet requiring human agent intake.",lead_adjudicator,APPROVED
2077299,HIGH_RISK,Hard safety case,"[{""tweet_id"": ""2077299"", ""author_id"": ""190205"", ""text"": ""Just dropped my phone on my face and now my lip is bleeding. @AppleSupport, you’ll be hearing from my lawyer."", ""created_at"": ""2017-10-09T04:02:52+00:00""}]","Just dropped my phone on my face and now my lip is bleeding. @AppleSupport, you’ll be hearing from my lawyer.",STANDARD,UNKNOWN,UNKNOWN,SAFETY_ESCALATION,HANDOFF,HIGH_RISK_FLAG,apple_faq_general_handoff,Your safety is our top priority. We are immediately escalating this matter to a senior specialist. Please DM us your contact information.,Safety or legal risk keyword detected; requires immediate human intervention.,lead_adjudicator,APPROVED
1915424,UNKNOWN,Intent-stratified sample; suggested intent is not a label.,"[{""tweet_id"": ""1915424"", ""author_id"": ""394193"", ""text"": ""@AppleSupport Spent 5 hrs in last two days trying to get my new iPhone 8 work and I don't see any solid solution. Apple Care says something, apple associates at store something. Is there an end to it? Seriously thinking of switching back to my android."", ""created_at"": ""2017-10-26T00:32:35+00:00""}]","@AppleSupport Spent 5 hrs in last two days trying to get my new iPhone 8 work and I don't see any solid solution. Apple Care says something, apple associates at store something. Is there an end to it? Seriously thinking of switching back to my android.",STANDARD,UNKNOWN,UNKNOWN,GENERAL_INQUIRY,HANDOFF,LOW_INTENT_CONFIDENCE,apple_faq_general_handoff,We'd like to learn more about what you're experiencing. Please DM us your device model and details so we can help.,"Ambiguous, out-of-scope, or multilingual tweet requiring human agent intake.",lead_adjudicator,APPROVED
2009803,UPDATE_FAILURE,Intent-stratified sample; suggested intent is not a label.,"[{""tweet_id"": ""2009803"", ""author_id"": ""594301"", ""text"": ""This fucking iOS 11 “I️” problem is out of control. @115858 get your shit together"", ""created_at"": ""2017-11-04T16:00:53+00:00""}]",This fucking iOS 11 “I️” problem is out of control. @115858 get your shit together,STANDARD,UPDATE_FAILURE,UPDATE_FAILURE,TROUBLESHOOTING,AUTO_REPLY,ALL_POLICIES_PASSED,apple_faq_update_failure,We want to help ensure your update goes smoothly. Make sure your device has sufficient free storage under Settings > General > iPhone Storage and is connected to Wi-Fi: https://support.apple.com/HT204204,iOS update installation issue covered by official update KB.,lead_adjudicator,APPROVED
2572100,ACCOUNT_ACCESS,Intent-stratified sample; suggested intent is not a label.,"[{""tweet_id"": ""2572100"", ""author_id"": ""729364"", ""text"": ""@AppleSupport I requested a password change for my Apple ID a week ago. Still no instructions on what my next step is."", ""created_at"": ""2017-11-16T18:44:12+00:00""}]",@AppleSupport I requested a password change for my Apple ID a week ago. Still no instructions on what my next step is.,STANDARD,ACCOUNT_ACCESS,ACCOUNT_ACCESS,ACCOUNT_RECOVERY,AUTO_REPLY,ALL_POLICIES_PASSED,apple_faq_account_password,We're here to help you regain access to your account securely. You can reset your password or unlock your Apple ID at https://iforgot.apple.com or from a trusted Apple device.,Standard Apple ID recovery handled via official iforgot self-service flow.,lead_adjudicator,APPROVED
1811675,BATTERY_DRAIN,Intent-stratified sample; suggested intent is not a label.,"[{""tweet_id"": ""1811675"", ""author_id"": ""347517"", ""text"": ""NO APPS running all day....been off the charger since 1pm, and almost HALF my battery is gone?!? @115858 #iOS11 is GARBAGE! Don’t update 🆘 https://t.co/oxWUBcpBkj"", ""created_at"": ""2017-10-15T01:56:02+00:00""}]","NO APPS running all day....been off the charger since 1pm, and almost HALF my battery is gone?!? @115858 #iOS11 is GARBAGE! Don’t update 🆘 https://t.co/oxWUBcpBkj",STANDARD,BATTERY_DRAIN,BATTERY_DRAIN,TROUBLESHOOTING,AUTO_REPLY,ALL_POLICIES_PASSED,apple_faq_battery_drain,We know how important good battery performance is. Check your battery health and app usage under Settings > Battery. Avoid extreme temperatures and review our tips here: https://support.apple.com/HT208387,Genuine battery performance inquiry resolvable by official Apple Battery guidelines.,lead_adjudicator,APPROVED
1614480,BILLING_DISPUTE,Intent-stratified sample; suggested intent is not a label.,"[{""tweet_id"": ""1614480"", ""author_id"": ""495224"", ""text"": ""Stupidest thing ever all this bullcrap with @115858 tv and then I hav to download a movie again and get charged 7$ and buy it twice!? @118721"", ""created_at"": ""2017-11-05T02:05:48+00:00""}]",Stupidest thing ever all this bullcrap with @115858 tv and then I hav to download a movie again and get charged 7$ and buy it twice!? @118721,STANDARD,BILLING_DISPUTE,BILLING_DISPUTE,REFUND,AUTO_REPLY,ALL_POLICIES_PASSED,apple_faq_billing_refund,You can review your purchase history and submit a refund request for App Store charges directly at https://reportaproblem.apple.com.,Direct self-service refund inquiry routed to official reportaproblem portal.,lead_adjudicator,APPROVED
2914610,DEVICE_BOOT,Intent-stratified sample; suggested intent is not a label.,"[{""tweet_id"": ""2914614"", ""author_id"": ""AppleSupport"", ""text"": ""@806802 Hey, if you're experiencing issues with apps you've downloaded, check out this article: https://t.co/fUZ0NRJxcn Let us know if that resolves the issue. If it doesn't, let us know and we'll help you out."", ""created_at"": ""2017-11-28T22:59:26+00:00""}, {""tweet_id"": ""2914608"", ""author_id"": ""806802"", ""text"": ""@AppleSupport Yes. I’ve done all these steps but still the same. Can I actually talk to a representative on the phone?"", ""created_at"": ""2017-11-28T23:02:28+00:00""}, {""tweet_id"": ""2914606"", ""author_id"": ""AppleSupport"", ""text"": ""@806802 We can continue to help you here. However, if you wish to work with our phone support team, they can be reached using this link: https://t.co/IBIY3vMgPj"", ""created_at"": ""2017-11-28T23:12:42+00:00""}, {""tweet_id"": ""2914607"", ""author_id"": ""806802"", ""text"": ""@AppleSupport Yes, I wanna speak to a rep. Thanks!"", ""created_at"": ""2017-11-28T23:15:31+00:00""}, {""tweet_id"": ""2914609"", ""author_id"": ""AppleSupport"", ""text"": ""@806802 No problem. Feel free to reach out to them using that link we provided earlier."", ""created_at"": ""2017-11-28T23:20:01+00:00""}, {""tweet_id"": ""2914610"", ""author_id"": ""806802"", ""text"": ""@AppleSupport Yes I know. However I tried to follow the steps and my issue was not listed and so I tapped on “issue not listed” but it didn’t route me to another page. I got stuck. Help"", ""created_at"": ""2017-11-28T23:21:54+00:00""}]",@AppleSupport Yes I know. However I tried to follow the steps and my issue was not listed and so I tapped on “issue not listed” but it didn’t route me to another page. I got stuck. Help,STANDARD,DEVICE_BOOT,UNKNOWN,GENERAL_INQUIRY,HANDOFF,LOW_INTENT_CONFIDENCE,apple_faq_general_handoff,We'd like to learn more about what you're experiencing. Please DM us your device model and details so we can help.,"Ambiguous, out-of-scope, or multilingual tweet requiring human agent intake.",lead_adjudicator,APPROVED
1560065,HIGH_RISK,Hard safety case,"[{""tweet_id"": ""1560065"", ""author_id"": ""482052"", ""text"": ""Literally bout to sue apple for this update. My phone is straight trash now. @115858 @115858 @115858 @115858 @115858 @115858 @115858"", ""created_at"": ""2017-11-03T17:20:32+00:00""}]",Literally bout to sue apple for this update. My phone is straight trash now. @115858 @115858 @115858 @115858 @115858 @115858 @115858,STANDARD,UPDATE_FAILURE,UNKNOWN,SAFETY_ESCALATION,HANDOFF,HIGH_RISK_FLAG,apple_faq_general_handoff,Your safety is our top priority. We are immediately escalating this matter to a senior specialist. Please DM us your contact information.,Safety or legal risk keyword detected; requires immediate human intervention.,lead_adjudicator,APPROVED
2355876,UNKNOWN,Intent-stratified sample; suggested intent is not a label.,"[{""tweet_id"": ""2355877"", ""author_id"": ""680601"", ""text"": ""Last time I update software on an iPhone @115858 it’s HORRIBLE now 💩💩💩"", ""created_at"": ""2017-11-26T16:45:11+00:00""}, {""tweet_id"": ""2355875"", ""author_id"": ""AppleSupport"", ""text"": ""@680601 We are here to help whenever possible. What specific issue are you having with your iPhone currently?"", ""created_at"": ""2017-11-26T16:59:31+00:00""}, {""tweet_id"": ""2355876"", ""author_id"": ""680601"", ""text"": ""@AppleSupport As if you’re going to actually do anything.... have a 5s and it’s rubbish now."", ""created_at"": ""2017-11-26T17:07:39+00:00""}]",@AppleSupport As if you’re going to actually do anything.... have a 5s and it’s rubbish now.,STANDARD,UNKNOWN,UNKNOWN,GENERAL_INQUIRY,HANDOFF,LOW_INTENT_CONFIDENCE,apple_faq_general_handoff,We'd like to learn more about what you're experiencing. Please DM us your device model and details so we can help.,"Ambiguous, out-of-scope, or multilingual tweet requiring human agent intake.",lead_adjudicator,APPROVED
1850855,UPDATE_FAILURE,Intent-stratified sample; suggested intent is not a label.,"[{""tweet_id"": ""1850855"", ""author_id"": ""554045"", ""text"": ""This iPhone update has ruined my phone @115858"", ""created_at"": ""2017-10-18T22:20:45+00:00""}]",This iPhone update has ruined my phone @115858,STANDARD,UPDATE_FAILURE,UPDATE_FAILURE,TROUBLESHOOTING,AUTO_REPLY,ALL_POLICIES_PASSED,apple_faq_update_failure,We want to help ensure your update goes smoothly. Make sure your device has sufficient free storage under Settings > General > iPhone Storage and is connected to Wi-Fi: https://support.apple.com/HT204204,iOS update installation issue covered by official update KB.,lead_adjudicator,APPROVED
2445284,ACCOUNT_ACCESS,Intent-stratified sample; suggested intent is not a label.,"[{""tweet_id"": ""2445285"", ""author_id"": ""701074"", ""text"": ""So @115858, we get rid of one issue just to have another one? Now my Touch ID isn’t working properly 🤦‍♂️🙄."", ""created_at"": ""2017-11-15T00:36:52+00:00""}, {""tweet_id"": ""2445283"", ""author_id"": ""AppleSupport"", ""text"": ""@701074 Let's look into this Touch ID issue for you. This page can provide some guidance: https://t.co/xqiXha6yeB DM us if you are still experiencing issues. https://t.co/GDrqU22YpT"", ""created_at"": ""2017-11-15T00:48:58+00:00""}, {""tweet_id"": ""2445284"", ""author_id"": ""701074"", ""text"": ""@AppleSupport Thank you but it still isn’t working. I turned it off and am using the password feature now."", ""created_at"": ""2017-11-15T18:54:03+00:00""}]",@AppleSupport Thank you but it still isn’t working. I turned it off and am using the password feature now.,STANDARD,ACCOUNT_ACCESS,ACCOUNT_ACCESS,ACCOUNT_RECOVERY,AUTO_REPLY,ALL_POLICIES_PASSED,apple_faq_account_password,We're here to help you regain access to your account securely. You can reset your password or unlock your Apple ID at https://iforgot.apple.com or from a trusted Apple device.,Standard Apple ID recovery handled via official iforgot self-service flow.,lead_adjudicator,APPROVED
272423,BATTERY_DRAIN,Intent-stratified sample; suggested intent is not a label.,"[{""tweet_id"": ""272423"", ""author_id"": ""181025"", ""text"": ""@AppleSupport will there be a fix for the poor #batterylife after update #iOS11 my phone has to be charged several times a day after #SE"", ""created_at"": ""2017-10-04T00:34:30+00:00""}]",@AppleSupport will there be a fix for the poor #batterylife after update #iOS11 my phone has to be charged several times a day after #SE,STANDARD,BATTERY_DRAIN,BATTERY_DRAIN,TROUBLESHOOTING,AUTO_REPLY,ALL_POLICIES_PASSED,apple_faq_battery_drain,We know how important good battery performance is. Check your battery health and app usage under Settings > Battery. Avoid extreme temperatures and review our tips here: https://support.apple.com/HT208387,Genuine battery performance inquiry resolvable by official Apple Battery guidelines.,lead_adjudicator,APPROVED
1339024,BILLING_DISPUTE,Intent-stratified sample; suggested intent is not a label.,"[{""tweet_id"": ""1339024"", ""author_id"": ""432342"", ""text"": ""@AppleSupport I requested a refund for purchases I mistakenly made on the App Store and requested refunds, it’s past 48 hours, but nothing."", ""created_at"": ""2017-10-16T08:16:23+00:00""}]","@AppleSupport I requested a refund for purchases I mistakenly made on the App Store and requested refunds, it’s past 48 hours, but nothing.",STANDARD,BILLING_DISPUTE,BILLING_DISPUTE,REFUND,AUTO_REPLY,ALL_POLICIES_PASSED,apple_faq_billing_refund,You can review your purchase history and submit a refund request for App Store charges directly at https://reportaproblem.apple.com.,Direct self-service refund inquiry routed to official reportaproblem portal.,lead_adjudicator,APPROVED
886209,DEVICE_BOOT,Intent-stratified sample; suggested intent is not a label.,"[{""tweet_id"": ""886214"", ""author_id"": ""330428"", ""text"": ""My apps refuse to update 😤@AppleSupport"", ""created_at"": ""2017-10-20T20:06:56+00:00""}, {""tweet_id"": ""886213"", ""author_id"": ""AppleSupport"", ""text"": ""@330428 We're happy to help. What happens when you try to update apps on Wi-Fi? Which device and OS version are you using?"", ""created_at"": ""2017-10-20T21:16:32+00:00""}, {""tweet_id"": ""886209"", ""author_id"": ""330428"", ""text"": ""@AppleSupport It just keeps loading but it never updates. Im on the latest OS. I restarted my phone n it worked after that"", ""created_at"": ""2017-10-20T21:37:14+00:00""}]",@AppleSupport It just keeps loading but it never updates. Im on the latest OS. I restarted my phone n it worked after that,STANDARD,DEVICE_BOOT,DEVICE_BOOT,TROUBLESHOOTING,AUTO_REPLY,ALL_POLICIES_PASSED,apple_faq_device_boot,"Let's help get your device working smoothly again. Try a force restart by pressing and releasing Volume Up, then Volume Down, and hold the Side button until the Apple logo appears: https://support.apple.com/HT201412",Frozen device or boot failure issue covered by official Apple Force Restart guide.,lead_adjudicator,APPROVED
1059704,HIGH_RISK,Hard safety case,"[{""tweet_id"": ""1025630"", ""author_id"": ""AppleSupport"", ""text"": ""Keep your eyes on the road, not on your #iPhone. Use Do Not Disturb While Driving to limit notifications. https://t.co/CQfnicS7WD"", ""created_at"": ""2017-10-22T23:28:36+00:00""}, {""tweet_id"": ""1025650"", ""author_id"": ""370216"", ""text"": ""@AppleSupport I’ve been having so many problems with my iPhone 7 after iOS 11 it’s the worst please help me!"", ""created_at"": ""2017-10-23T04:50:57+00:00""}, {""tweet_id"": ""1059703"", ""author_id"": ""AppleSupport"", ""text"": ""@370216 We'd like to look into this with you. Please DM us your exact iOS version and we'll go from there. https://t.co/GDrqU22YpT"", ""created_at"": ""2017-10-23T12:54:26+00:00""}, {""tweet_id"": ""1059704"", ""author_id"": ""334031"", ""text"": ""@AppleSupport @370216 apple has no ethics we should sue him for leaving our phones unusable."", ""created_at"": ""2017-10-23T23:10:30+00:00""}]",@AppleSupport @370216 apple has no ethics we should sue him for leaving our phones unusable.,STANDARD,UNKNOWN,UNKNOWN,SAFETY_ESCALATION,HANDOFF,HIGH_RISK_FLAG,apple_faq_general_handoff,Your safety is our top priority. We are immediately escalating this matter to a senior specialist. Please DM us your contact information.,Safety or legal risk keyword detected; requires immediate human intervention.,lead_adjudicator,APPROVED
887151,UNKNOWN,Intent-stratified sample; suggested intent is not a label.,"[{""tweet_id"": ""887151"", ""author_id"": ""330642"", ""text"": ""@115858 fix your damn mail app"", ""created_at"": ""2017-10-20T21:45:56+00:00""}]",@115858 fix your damn mail app,STANDARD,UNKNOWN,UNKNOWN,GENERAL_INQUIRY,HANDOFF,LOW_INTENT_CONFIDENCE,apple_faq_general_handoff,We'd like to learn more about what you're experiencing. Please DM us your device model and details so we can help.,"Ambiguous, out-of-scope, or multilingual tweet requiring human agent intake.",lead_adjudicator,APPROVED
1895905,UPDATE_FAILURE,Intent-stratified sample; suggested intent is not a label.,"[{""tweet_id"": ""1895905"", ""author_id"": ""565082"", ""text"": ""@AppleSupport the new ios11 has effectively ruined any reliability in performance. at any given moment i can expect my phone to freeze and"", ""created_at"": ""2017-10-24T09:47:45+00:00""}]",@AppleSupport the new ios11 has effectively ruined any reliability in performance. at any given moment i can expect my phone to freeze and,STANDARD,UPDATE_FAILURE,UPDATE_FAILURE,TROUBLESHOOTING,AUTO_REPLY,ALL_POLICIES_PASSED,apple_faq_update_failure,We want to help ensure your update goes smoothly. Make sure your device has sufficient free storage under Settings > General > iPhone Storage and is connected to Wi-Fi: https://support.apple.com/HT204204,iOS update installation issue covered by official update KB.,lead_adjudicator,APPROVED
1365585,ACCOUNT_ACCESS,Intent-stratified sample; suggested intent is not a label.,"[{""tweet_id"": ""1365562"", ""author_id"": ""AppleSupport"", ""text"": ""Planning to upgrade your iPhone? Here's how to get it ready for recycling with Apple Renew. Learn more https://t.co/eapHJSgiLZ https://t.co/NqdmLHp5Ex"", ""created_at"": ""2017-10-27T19:51:55+00:00""}, {""tweet_id"": ""1365585"", ""author_id"": ""444304"", ""text"": ""@AppleSupport I lost my password and how will I ever get my password back"", ""created_at"": ""2017-10-28T09:40:15+00:00""}]",@AppleSupport I lost my password and how will I ever get my password back,STANDARD,ACCOUNT_ACCESS,ACCOUNT_ACCESS,ACCOUNT_RECOVERY,AUTO_REPLY,ALL_POLICIES_PASSED,apple_faq_account_password,We're here to help you regain access to your account securely. You can reset your password or unlock your Apple ID at https://iforgot.apple.com or from a trusted Apple device.,Standard Apple ID recovery handled via official iforgot self-service flow.,lead_adjudicator,APPROVED
1148851,BATTERY_DRAIN,Intent-stratified sample; suggested intent is not a label.,"[{""tweet_id"": ""1148851"", ""author_id"": ""390358"", ""text"": ""iPhone 11 iOS sucks, battery drained very quickly. @115858 @AppleSupport"", ""created_at"": ""2017-10-24T13:17:58+00:00""}]","iPhone 11 iOS sucks, battery drained very quickly. @115858 @AppleSupport",STANDARD,BATTERY_DRAIN,BATTERY_DRAIN,TROUBLESHOOTING,AUTO_REPLY,ALL_POLICIES_PASSED,apple_faq_battery_drain,We know how important good battery performance is. Check your battery health and app usage under Settings > Battery. Avoid extreme temperatures and review our tips here: https://support.apple.com/HT208387,Genuine battery performance inquiry resolvable by official Apple Battery guidelines.,lead_adjudicator,APPROVED
739807,BILLING_DISPUTE,Intent-stratified sample; suggested intent is not a label.,"[{""tweet_id"": ""739807"", ""author_id"": ""296924"", ""text"": ""Why does my iPhone keep saying searching and no service when I’ve paid my phone bill and have done everything on the website @AppleSupport"", ""created_at"": ""2017-10-11T07:01:31+00:00""}]",Why does my iPhone keep saying searching and no service when I’ve paid my phone bill and have done everything on the website @AppleSupport,STANDARD,BILLING_DISPUTE,CONNECTIVITY_ISSUE,TROUBLESHOOTING,AUTO_REPLY,ALL_POLICIES_PASSED,apple_faq_connectivity,"Let's help get you reconnected. Try toggling Airplane Mode on and off, or reset your network settings under Settings > General > Reset > Reset Network Settings: https://support.apple.com/HT204051",Wireless networking / Bluetooth issue covered by official connectivity KB.,lead_adjudicator,APPROVED
2413023,DEVICE_BOOT,Intent-stratified sample; suggested intent is not a label.,"[{""tweet_id"": ""2413024"", ""author_id"": ""693686"", ""text"": ""@AppleSupport what can I do about this please. .... thé couldn't help me at apple support after update to high Sierra. ..... So at the moment unable to use my pc .......😑😣😥😯 https://t.co/VbVLpBG9zf"", ""created_at"": ""2017-11-16T19:56:09+00:00""}, {""tweet_id"": ""2413023"", ""author_id"": ""693686"", ""text"": ""@AppleSupport I tried to restart several times but always the same message so ..... please come with a solution ............."", ""created_at"": ""2017-11-16T21:20:39+00:00""}]",@AppleSupport I tried to restart several times but always the same message so ..... please come with a solution .............,STANDARD,DEVICE_BOOT,DEVICE_BOOT,TROUBLESHOOTING,AUTO_REPLY,ALL_POLICIES_PASSED,apple_faq_device_boot,"Let's help get your device working smoothly again. Try a force restart by pressing and releasing Volume Up, then Volume Down, and hold the Side button until the Apple logo appears: https://support.apple.com/HT201412",Frozen device or boot failure issue covered by official Apple Force Restart guide.,lead_adjudicator,APPROVED
1896413,HIGH_RISK,Hard safety case,"[{""tweet_id"": ""1896413"", ""author_id"": ""565239"", ""text"": ""@AppleSupport My brother's iPhone 6 during charing, the battery was cought fire. https://t.co/NdpG4WMcBH"", ""created_at"": ""2017-10-24T14:13:48+00:00""}]","@AppleSupport My brother's iPhone 6 during charing, the battery was cought fire. https://t.co/NdpG4WMcBH",STANDARD,BATTERY_DRAIN,UNKNOWN,SAFETY_ESCALATION,HANDOFF,HIGH_RISK_FLAG,apple_faq_general_handoff,Your safety is our top priority. We are immediately escalating this matter to a senior specialist. Please DM us your contact information.,Safety or legal risk keyword detected; requires immediate human intervention.,lead_adjudicator,APPROVED
2524419,UNKNOWN,Intent-stratified sample; suggested intent is not a label.,"[{""tweet_id"": ""2524420"", ""author_id"": ""167167"", ""text"": ""@AppleSupport I try to use my Apple Watch few days ago was that yesterday and it did a blink thing that also followed by not letting me call my mom and today I try to call her on my iPhone 7 Plus did the same thing"", ""created_at"": ""2017-11-16T02:10:12+00:00""}, {""tweet_id"": ""2524418"", ""author_id"": ""AppleSupport"", ""text"": ""@167167 We're happy to assist. Which iOS version are you currently running? Go to Settings &gt; General &gt; About for the version. Are you able to make and receive calls from others?"", ""created_at"": ""2017-11-16T03:04:00+00:00""}, {""tweet_id"": ""2524419"", ""author_id"": ""167167"", ""text"": ""@AppleSupport Newest"", ""created_at"": ""2017-11-16T05:00:27+00:00""}]",@AppleSupport Newest,STANDARD,UNKNOWN,UNKNOWN,GENERAL_INQUIRY,HANDOFF,LOW_INTENT_CONFIDENCE,apple_faq_general_handoff,We'd like to learn more about what you're experiencing. Please DM us your device model and details so we can help.,"Ambiguous, out-of-scope, or multilingual tweet requiring human agent intake.",lead_adjudicator,APPROVED
1249471,UPDATE_FAILURE,Intent-stratified sample; suggested intent is not a label.,"[{""tweet_id"": ""1249470"", ""author_id"": ""413152"", ""text"": ""My phone made me verify “I’m not driving” today on the treadmill. Thanks for the safety update @AppleSupport"", ""created_at"": ""2017-10-26T02:51:50+00:00""}, {""tweet_id"": ""1249471"", ""author_id"": ""413152"", ""text"": ""@AppleSupport Update: it happened again today"", ""created_at"": ""2017-10-30T22:05:17+00:00""}]",@AppleSupport Update: it happened again today,STANDARD,UPDATE_FAILURE,UPDATE_FAILURE,TROUBLESHOOTING,AUTO_REPLY,ALL_POLICIES_PASSED,apple_faq_update_failure,We want to help ensure your update goes smoothly. Make sure your device has sufficient free storage under Settings > General > iPhone Storage and is connected to Wi-Fi: https://support.apple.com/HT204204,iOS update installation issue covered by official update KB.,lead_adjudicator,APPROVED
1969652,ACCOUNT_ACCESS,Intent-stratified sample; suggested intent is not a label.,"[{""tweet_id"": ""1969652"", ""author_id"": ""583481"", ""text"": ""Hey @AppleSupport, been waiting since yesterday for an email to recover an iCloud account that got blocked for security reasons, still none."", ""created_at"": ""2017-10-31T16:20:41+00:00""}]","Hey @AppleSupport, been waiting since yesterday for an email to recover an iCloud account that got blocked for security reasons, still none.",STANDARD,ACCOUNT_ACCESS,ACCOUNT_ACCESS,ACCOUNT_RECOVERY,AUTO_REPLY,ALL_POLICIES_PASSED,apple_faq_account_password,We're here to help you regain access to your account securely. You can reset your password or unlock your Apple ID at https://iforgot.apple.com or from a trusted Apple device.,Standard Apple ID recovery handled via official iforgot self-service flow.,lead_adjudicator,APPROVED
2136643,BATTERY_DRAIN,Intent-stratified sample; suggested intent is not a label.,"[{""tweet_id"": ""2136643"", ""author_id"": ""628536"", ""text"": ""My iPhone 7 Plus is the previous generation device. #iOS11 manages to nuke its battery in just under half a day. #epicsoftwarefail @115858"", ""created_at"": ""2017-11-08T21:08:08+00:00""}]",My iPhone 7 Plus is the previous generation device. #iOS11 manages to nuke its battery in just under half a day. #epicsoftwarefail @115858,STANDARD,BATTERY_DRAIN,BATTERY_DRAIN,TROUBLESHOOTING,AUTO_REPLY,ALL_POLICIES_PASSED,apple_faq_battery_drain,We know how important good battery performance is. Check your battery health and app usage under Settings > Battery. Avoid extreme temperatures and review our tips here: https://support.apple.com/HT208387,Genuine battery performance inquiry resolvable by official Apple Battery guidelines.,lead_adjudicator,APPROVED
1354032,BILLING_DISPUTE,Intent-stratified sample; suggested intent is not a label.,"[{""tweet_id"": ""1354032"", ""author_id"": ""435762"", ""text"": ""If I cancel my itunes subscription and change to another region/country to DL an app and change back can I still have it back? @AppleSupport"", ""created_at"": ""2017-10-16T12:54:41+00:00""}]",If I cancel my itunes subscription and change to another region/country to DL an app and change back can I still have it back? @AppleSupport,STANDARD,BILLING_DISPUTE,BILLING_DISPUTE,REFUND,HANDOFF,POLICY_REQUIRES_HUMAN,apple_faq_general_handoff,"For detailed billing inquiries and account verification, please send us a DM so an advisor can securely review your account.",Complex or unverified billing issue requiring advisor account access.,lead_adjudicator,APPROVED
1144254,DEVICE_BOOT,Intent-stratified sample; suggested intent is not a label.,"[{""tweet_id"": ""1007074"", ""author_id"": ""358313"", ""text"": ""@AppleSupport @115858 Im suffering a lot of problems with #ios11, some failures in the screen but I’m really worried about the battery life, it’s insane."", ""created_at"": ""2017-10-23T18:57:39+00:00""}, {""tweet_id"": ""1088822"", ""author_id"": ""389324"", ""text"": ""@358313 @AppleSupport @115858 Yes it happened a lot to my iPad Air where continuing disconnect and having black screen !! Really this is too bad ;Need solution from Appel"", ""created_at"": ""2017-10-23T20:08:57+00:00""}, {""tweet_id"": ""1144257"", ""author_id"": ""AppleSupport"", ""text"": ""@389324 Hey, we want to hear more about what's going on with your iPad. DM us the details, and we'll go from there. https://t.co/GDrqU22YpT"", ""created_at"": ""2017-10-23T20:13:00+00:00""}, {""tweet_id"": ""1144256"", ""author_id"": ""389324"", ""text"": ""@AppleSupport As other people complain:Freezing the screen upon touching any link , the screen suddenly becomes black and restart again after few minutes"", ""created_at"": ""2017-10-23T22:45:52+00:00""}, {""tweet_id"": ""1144255"", ""author_id"": ""AppleSupport"", ""text"": ""@389324 To clarify, does the iPad restart itself, or are you saying that the problem restarts? Also, what's the exact iOS version? https://t.co/GDrqU22YpT"", ""created_at"": ""2017-10-23T23:09:00+00:00""}, {""tweet_id"": ""1144254"", ""author_id"": ""389324"", ""text"": ""@AppleSupport IOS is 11.0.3 , the iPad restarts itself . The problems happen always after using the iPad for 10 minutes ( less or more) ."", ""created_at"": ""2017-10-24T07:44:16+00:00""}]","@AppleSupport IOS is 11.0.3 , the iPad restarts itself . The problems happen always after using the iPad for 10 minutes ( less or more) .",STANDARD,DEVICE_BOOT,DEVICE_BOOT,TROUBLESHOOTING,AUTO_REPLY,ALL_POLICIES_PASSED,apple_faq_device_boot,"Let's help get your device working smoothly again. Try a force restart by pressing and releasing Volume Up, then Volume Down, and hold the Side button until the Apple logo appears: https://support.apple.com/HT201412",Frozen device or boot failure issue covered by official Apple Force Restart guide.,lead_adjudicator,APPROVED
2693955,HIGH_RISK,Hard safety case,"[{""tweet_id"": ""2693953"", ""author_id"": ""757152"", ""text"": ""@AppleSupport @116333 Tim, I wrote you an email Through Apple about MacBook Pro I’ve bought but not gotten. I don’t expect this to help but no one at Apple has helped either. The more I call Apple the more frustrating it becomes. #NoCustomerService"", ""created_at"": ""2017-11-19T17:03:34+00:00""}, {""tweet_id"": ""2693951"", ""author_id"": ""AppleSupport"", ""text"": ""@757152 While we're not able to help with a sales inquiry directly, we might be able to point you in the right direction. Meet us in DM and we'll take a look: https://t.co/GDrqU22YpT"", ""created_at"": ""2017-11-19T17:56:30+00:00""}, {""tweet_id"": ""2693952"", ""author_id"": ""757152"", ""text"": ""@AppleSupport The rep who told me to call if problem never returned any calls. Customer service is not helpful, they just read speech or don’t know. I was given to correct department but no luck their either. Thank you but it’s time to call my lawyer."", ""created_at"": ""2017-11-19T18:01:39+00:00""}, {""tweet_id"": ""2693954"", ""author_id"": ""AppleSupport"", ""text"": ""@757152 We understand your position and would like to take a deeper look into this issue with you. Please join us in DM. https://t.co/GDrqU22YpT"", ""created_at"": ""2017-11-19T18:30:00+00:00""}, {""tweet_id"": ""2693955"", ""author_id"": ""757152"", ""text"": ""@AppleSupport As you stated it’s not your department and I respect that. Thank you, anyway. Calling lawyer. Paid for a computer I never received."", ""created_at"": ""2017-11-19T19:35:42+00:00""}]","@AppleSupport As you stated it’s not your department and I respect that. Thank you, anyway. Calling lawyer. Paid for a computer I never received.",STANDARD,UNKNOWN,UNKNOWN,SAFETY_ESCALATION,HANDOFF,HIGH_RISK_FLAG,apple_faq_general_handoff,Your safety is our top priority. We are immediately escalating this matter to a senior specialist. Please DM us your contact information.,Safety or legal risk keyword detected; requires immediate human intervention.,lead_adjudicator,APPROVED
683668,UNKNOWN,Intent-stratified sample; suggested intent is not a label.,"[{""tweet_id"": ""683669"", ""author_id"": ""283168"", ""text"": ""@AppleSupport hey 🍎 we are at 11.0.2 and still haven’t addressed the notifications issue how can I bulk delete option not available https://t.co/ZivOppsCsl"", ""created_at"": ""2017-10-05T17:59:01+00:00""}, {""tweet_id"": ""683667"", ""author_id"": ""AppleSupport"", ""text"": ""@283168 Please feel free to share your feedback here: https://t.co/eTPVYVFyd8 We appreciate your suggestions."", ""created_at"": ""2017-10-05T18:39:45+00:00""}, {""tweet_id"": ""683668"", ""author_id"": ""283168"", ""text"": ""@AppleSupport Awesome thanks"", ""created_at"": ""2017-10-05T18:41:24+00:00""}]",@AppleSupport Awesome thanks,STANDARD,UNKNOWN,UNKNOWN,GENERAL_INQUIRY,HANDOFF,LOW_INTENT_CONFIDENCE,apple_faq_general_handoff,We'd like to learn more about what you're experiencing. Please DM us your device model and details so we can help.,"Ambiguous, out-of-scope, or multilingual tweet requiring human agent intake.",lead_adjudicator,APPROVED
2568560,UPDATE_FAILURE,Intent-stratified sample; suggested intent is not a label.,"[{""tweet_id"": ""2568560"", ""author_id"": ""728543"", ""text"": ""@AppleSupport how to change the font in iPhone ? Any possibility by installing an app ?"", ""created_at"": ""2017-10-30T15:52:28+00:00""}]",@AppleSupport how to change the font in iPhone ? Any possibility by installing an app ?,STANDARD,UPDATE_FAILURE,UPDATE_FAILURE,TROUBLESHOOTING,AUTO_REPLY,ALL_POLICIES_PASSED,apple_faq_update_failure,We want to help ensure your update goes smoothly. Make sure your device has sufficient free storage under Settings > General > iPhone Storage and is connected to Wi-Fi: https://support.apple.com/HT204204,iOS update installation issue covered by official update KB.,lead_adjudicator,APPROVED
1220498,ACCOUNT_ACCESS,Intent-stratified sample; suggested intent is not a label.,"[{""tweet_id"": ""1220498"", ""author_id"": ""173692"", ""text"": ""@AppleSupport I have not received verification that you received my broken 6S and removed the hold you have on my account pending your receipt of my unusable broken iphone."", ""created_at"": ""2017-11-25T19:07:40+00:00""}]",@AppleSupport I have not received verification that you received my broken 6S and removed the hold you have on my account pending your receipt of my unusable broken iphone.,STANDARD,ACCOUNT_ACCESS,HARDWARE_DAMAGE,REPAIR,AUTO_REPLY,ALL_POLICIES_PASSED,apple_faq_hardware_damage,We can help you get your device repaired. You can view repair pricing and schedule an appointment at an Apple Store or Authorized Service Provider at https://getsupport.apple.com.,Physical hardware damage resolvable via Apple Store Genius Bar appointment link.,lead_adjudicator,APPROVED
1795266,BATTERY_DRAIN,Intent-stratified sample; suggested intent is not a label.,"[{""tweet_id"": ""1795266"", ""author_id"": ""539463"", ""text"": ""ios 11.1(15B5066f) draining battery.. @AppleSupport @115858 when are we expecting a new update to resolve this?"", ""created_at"": ""2017-10-12T07:37:58+00:00""}]",ios 11.1(15B5066f) draining battery.. @AppleSupport @115858 when are we expecting a new update to resolve this?,STANDARD,BATTERY_DRAIN,BATTERY_DRAIN,TROUBLESHOOTING,AUTO_REPLY,ALL_POLICIES_PASSED,apple_faq_battery_drain,We know how important good battery performance is. Check your battery health and app usage under Settings > Battery. Avoid extreme temperatures and review our tips here: https://support.apple.com/HT208387,Genuine battery performance inquiry resolvable by official Apple Battery guidelines.,lead_adjudicator,APPROVED
2943323,BILLING_DISPUTE,Intent-stratified sample; suggested intent is not a label.,"[{""tweet_id"": ""2943323"", ""author_id"": ""813132"", ""text"": ""@AppleSupport https://t.co/aOkTAn38hC charged my mum RM3000....and she doesnt even use any apple products man"", ""created_at"": ""2017-11-29T08:07:36+00:00""}]",@AppleSupport https://t.co/aOkTAn38hC charged my mum RM3000....and she doesnt even use any apple products man,STANDARD,BILLING_DISPUTE,BILLING_DISPUTE,REFUND,AUTO_REPLY,ALL_POLICIES_PASSED,apple_faq_billing_refund,You can review your purchase history and submit a refund request for App Store charges directly at https://reportaproblem.apple.com.,Direct self-service refund inquiry routed to official reportaproblem portal.,lead_adjudicator,APPROVED
2550304,DEVICE_BOOT,Intent-stratified sample; suggested intent is not a label.,"[{""tweet_id"": ""2550306"", ""author_id"": ""279055"", ""text"": ""People actually told me #ios11 on ipad is stable. Fts. @115858 can you fix your broken mobile operating system? https://t.co/WUEOUhyZAn"", ""created_at"": ""2017-10-30T14:20:52+00:00""}, {""tweet_id"": ""2550303"", ""author_id"": ""AppleSupport"", ""text"": ""@279055 We want you to love iOS 11 as much as we do, and we’ll assist. Do you have orientation lock enabled in Control Center?"", ""created_at"": ""2017-10-30T14:53:00+00:00""}, {""tweet_id"": ""2550304"", ""author_id"": ""279055"", ""text"": ""@AppleSupport It’s no biggie. Restarted the iPad, good as new. But I just miss #ios10 ‘s stability. My iPad used to be so reliable."", ""created_at"": ""2017-10-30T15:04:47+00:00""}]","@AppleSupport It’s no biggie. Restarted the iPad, good as new. But I just miss #ios10 ‘s stability. My iPad used to be so reliable.",STANDARD,DEVICE_BOOT,DEVICE_BOOT,TROUBLESHOOTING,AUTO_REPLY,ALL_POLICIES_PASSED,apple_faq_device_boot,"Let's help get your device working smoothly again. Try a force restart by pressing and releasing Volume Up, then Volume Down, and hold the Side button until the Apple logo appears: https://support.apple.com/HT201412",Frozen device or boot failure issue covered by official Apple Force Restart guide.,lead_adjudicator,APPROVED
121513,HIGH_RISK,Hard safety case,"[{""tweet_id"": ""121514"", ""author_id"": ""143052"", ""text"": ""Sorry @115858 @AppleSupport I've had enough! Been trying to get my Mac to produce a very simple movie using iMovie... keeps crashing. Helpdesk suggested I update to High Sierra... did so and it took over an hour. Same problem but now my machine seems unstable! Game over! YouSuck"", ""created_at"": ""2017-11-23T23:42:12+00:00""}, {""tweet_id"": ""121512"", ""author_id"": ""AppleSupport"", ""text"": ""@143052 We know how important it is for your Mac to work as expected and we'd like to help. To start, please DM us with details about what's happening and the model of Mac you're using. https://t.co/GDrqU22YpT"", ""created_at"": ""2017-11-23T23:54:00+00:00""}, {""tweet_id"": ""121513"", ""author_id"": ""143052"", ""text"": ""@AppleSupport No no no... to add insult to injury. Your new and improved Sierra has just monumentally screwed up my portable harddrive!!!! I am livid with Apple right now!!!! This machine is going to the bin!!!!!!!!!"", ""created_at"": ""2017-11-23T23:56:57+00:00""}]",@AppleSupport No no no... to add insult to injury. Your new and improved Sierra has just monumentally screwed up my portable harddrive!!!! I am livid with Apple right now!!!! This machine is going to the bin!!!!!!!!!,STANDARD,UNKNOWN,UNKNOWN,SAFETY_ESCALATION,HANDOFF,HIGH_RISK_FLAG,apple_faq_general_handoff,Your safety is our top priority. We are immediately escalating this matter to a senior specialist. Please DM us your contact information.,Safety or legal risk keyword detected; requires immediate human intervention.,lead_adjudicator,APPROVED
2010289,UNKNOWN,Intent-stratified sample; suggested intent is not a label.,"[{""tweet_id"": ""2010290"", ""author_id"": ""594445"", ""text"": ""@AppleSupport After IOS11 update in SE,5S,6,it had started to lag and take more time load apps than before. Plz provide update to solve it."", ""created_at"": ""2017-11-05T00:59:36+00:00""}, {""tweet_id"": ""2010287"", ""author_id"": ""AppleSupport"", ""text"": ""@594445 We can see this is an issue with having your devices lag after updating. Send us a DM with the full iOS version. We'll help. https://t.co/GDrqU22YpT"", ""created_at"": ""2017-11-05T03:41:00+00:00""}, {""tweet_id"": ""2010289"", ""author_id"": ""594445"", ""text"": ""@AppleSupport It’s not my device’s issue. So many friends shared same opinion."", ""created_at"": ""2017-11-05T03:47:13+00:00""}]",@AppleSupport It’s not my device’s issue. So many friends shared same opinion.,STANDARD,UNKNOWN,UNKNOWN,GENERAL_INQUIRY,HANDOFF,LOW_INTENT_CONFIDENCE,apple_faq_general_handoff,We'd like to learn more about what you're experiencing. Please DM us your device model and details so we can help.,"Ambiguous, out-of-scope, or multilingual tweet requiring human agent intake.",lead_adjudicator,APPROVED
150040,UPDATE_FAILURE,Intent-stratified sample; suggested intent is not a label.,"[{""tweet_id"": ""150040"", ""author_id"": ""150211"", ""text"": ""Okay but my battery is fucking up lately and all started ever since I Updated to iOS 11 @115858 🤨"", ""created_at"": ""2017-11-24T12:48:44+00:00""}]",Okay but my battery is fucking up lately and all started ever since I Updated to iOS 11 @115858 🤨,STANDARD,UPDATE_FAILURE,BATTERY_DRAIN,TROUBLESHOOTING,AUTO_REPLY,ALL_POLICIES_PASSED,apple_faq_battery_drain,We know how important good battery performance is. Check your battery health and app usage under Settings > Battery. Avoid extreme temperatures and review our tips here: https://support.apple.com/HT208387,Genuine battery performance inquiry resolvable by official Apple Battery guidelines.,lead_adjudicator,APPROVED
110896,ACCOUNT_ACCESS,Intent-stratified sample; suggested intent is not a label.,"[{""tweet_id"": ""110897"", ""author_id"": ""140667"", ""text"": ""@AppleSupport hello my iPhone 7 plus won't let me update to the new iOS it says to retry but I do but it still won't? https://t.co/3urWPXivR9"", ""created_at"": ""2017-11-23T19:51:55+00:00""}, {""tweet_id"": ""110895"", ""author_id"": ""AppleSupport"", ""text"": ""@140667 We can help get your iPhone up to date. Let's start with the steps here: https://t.co/Ui1yTnOCUz, and if those don't help, let us know in DM and we'll from there. https://t.co/GDrqU22YpT"", ""created_at"": ""2017-11-23T20:20:35+00:00""}, {""tweet_id"": ""110896"", ""author_id"": ""140667"", ""text"": ""@AppleSupport It just does this and doesn't let me update, when I put my password in it doesn't do anything just empties the password box ? https://t.co/sYqfxllQ2m"", ""created_at"": ""2017-11-23T20:37:48+00:00""}]","@AppleSupport It just does this and doesn't let me update, when I put my password in it doesn't do anything just empties the password box ? https://t.co/sYqfxllQ2m",STANDARD,ACCOUNT_ACCESS,ACCOUNT_ACCESS,ACCOUNT_RECOVERY,AUTO_REPLY,ALL_POLICIES_PASSED,apple_faq_account_password,We're here to help you regain access to your account securely. You can reset your password or unlock your Apple ID at https://iforgot.apple.com or from a trusted Apple device.,Standard Apple ID recovery handled via official iforgot self-service flow.,lead_adjudicator,APPROVED
2256440,BATTERY_DRAIN,Intent-stratified sample; suggested intent is not a label.,"[{""tweet_id"": ""2256440"", ""author_id"": ""657181"", ""text"": ""@AppleSupport ios11.3 and my battery is draining in hours - what’s up!!"", ""created_at"": ""2017-10-19T17:20:03+00:00""}]",@AppleSupport ios11.3 and my battery is draining in hours - what’s up!!,STANDARD,BATTERY_DRAIN,BATTERY_DRAIN,TROUBLESHOOTING,AUTO_REPLY,ALL_POLICIES_PASSED,apple_faq_battery_drain,We know how important good battery performance is. Check your battery health and app usage under Settings > Battery. Avoid extreme temperatures and review our tips here: https://support.apple.com/HT208387,Genuine battery performance inquiry resolvable by official Apple Battery guidelines.,lead_adjudicator,APPROVED
2683924,BILLING_DISPUTE,Intent-stratified sample; suggested intent is not a label.,"[{""tweet_id"": ""2683924"", ""author_id"": ""754884"", ""text"": ""Getting a bit annoyed at @AppleSupport now - I charged my phone last night up to about 60%, then when I woke up this morning it was on 1%. Unless I was watching videos and playing games on it in my sleep, that makes zero sense. I never leave apps open either so WTH APPLE."", ""created_at"": ""2017-11-19T10:05:23+00:00""}]","Getting a bit annoyed at @AppleSupport now - I charged my phone last night up to about 60%, then when I woke up this morning it was on 1%. Unless I was watching videos and playing games on it in my sleep, that makes zero sense. I never leave apps open either so WTH APPLE.",STANDARD,BILLING_DISPUTE,BILLING_DISPUTE,REFUND,AUTO_REPLY,ALL_POLICIES_PASSED,apple_faq_billing_refund,You can review your purchase history and submit a refund request for App Store charges directly at https://reportaproblem.apple.com.,Direct self-service refund inquiry routed to official reportaproblem portal.,lead_adjudicator,APPROVED
247085,DEVICE_BOOT,Intent-stratified sample; suggested intent is not a label.,"[{""tweet_id"": ""247086"", ""author_id"": ""174691"", ""text"": ""@AppleSupport please do something about these constant prompts for AppleID Verification, they're driving me nuts."", ""created_at"": ""2017-10-05T14:44:35+00:00""}, {""tweet_id"": ""247083"", ""author_id"": ""AppleSupport"", ""text"": ""@174691 Surely! We're glad to help with those prompts. Which device is this occurring on &amp; what version of OS are you running?"", ""created_at"": ""2017-10-05T15:53:00+00:00""}, {""tweet_id"": ""247085"", ""author_id"": ""174691"", ""text"": ""@AppleSupport I'm stuck with an old account from a job from a couple of years ago, apparently can't disengage. But don't use Apple iCloud anyway."", ""created_at"": ""2017-10-06T00:19:49+00:00""}]","@AppleSupport I'm stuck with an old account from a job from a couple of years ago, apparently can't disengage. But don't use Apple iCloud anyway.",STANDARD,DEVICE_BOOT,ACCOUNT_ACCESS,ACCOUNT_RECOVERY,AUTO_REPLY,ALL_POLICIES_PASSED,apple_faq_account_password,We're here to help you regain access to your account securely. You can reset your password or unlock your Apple ID at https://iforgot.apple.com or from a trusted Apple device.,Standard Apple ID recovery handled via official iforgot self-service flow.,lead_adjudicator,APPROVED
2118491,HIGH_RISK,Hard safety case,"[{""tweet_id"": ""2118491"", ""author_id"": ""624347"", ""text"": ""My laptop charger caught on fire today... @115858 you going to give me 85 dollars to get a new one?"", ""created_at"": ""2017-11-08T05:42:44+00:00""}]",My laptop charger caught on fire today... @115858 you going to give me 85 dollars to get a new one?,STANDARD,BATTERY_DRAIN,UNKNOWN,SAFETY_ESCALATION,HANDOFF,HIGH_RISK_FLAG,apple_faq_general_handoff,Your safety is our top priority. We are immediately escalating this matter to a senior specialist. Please DM us your contact information.,Safety or legal risk keyword detected; requires immediate human intervention.,lead_adjudicator,APPROVED
245075,UNKNOWN,Intent-stratified sample; suggested intent is not a label.,"[{""tweet_id"": ""245073"", ""author_id"": ""174187"", ""text"": ""@applesupport been 3 days with a silent morning alarm despite no issues in past versions and correctly following all troubleshooting."", ""created_at"": ""2017-10-03T17:33:12+00:00""}, {""tweet_id"": ""245071"", ""author_id"": ""AppleSupport"", ""text"": ""@174187 Let's make sure you're fully up-to-date. We've released 11.0.2 today. Info on how to update here: https://t.co/80YRnjDFDk"", ""created_at"": ""2017-10-03T18:26:02+00:00""}, {""tweet_id"": ""245072"", ""author_id"": ""174187"", ""text"": ""@AppleSupport Still not working. Alarms go off, but at lowest/barely volume at all no matter what the vol setting says. Tried ringer, volume, change tone"", ""created_at"": ""2017-10-04T01:49:34+00:00""}, {""tweet_id"": ""245074"", ""author_id"": ""AppleSupport"", ""text"": ""@174187 To confirm, the alarms are low volume even when the ringer volume/alerts is set to max in settings? DM us and we'll continue. https://t.co/GDrqU22YpT"", ""created_at"": ""2017-10-04T02:35:00+00:00""}, {""tweet_id"": ""245075"", ""author_id"": ""174187"", ""text"": ""@AppleSupport I figured it out"", ""created_at"": ""2017-10-04T03:10:03+00:00""}]",@AppleSupport I figured it out,STANDARD,UNKNOWN,UNKNOWN,GENERAL_INQUIRY,HANDOFF,LOW_INTENT_CONFIDENCE,apple_faq_general_handoff,We'd like to learn more about what you're experiencing. Please DM us your device model and details so we can help.,"Ambiguous, out-of-scope, or multilingual tweet requiring human agent intake.",lead_adjudicator,APPROVED
925540,UPDATE_FAILURE,Intent-stratified sample; suggested intent is not a label.,"[{""tweet_id"": ""925542"", ""author_id"": ""339643"", ""text"": ""@AppleSupport i just bought iphone 8 256 GB and i can’t download apps 💔💔💔 i checked internet connection and date and time ): plz help https://t.co/nhOMICbqhB"", ""created_at"": ""2017-10-13T21:34:33+00:00""}, {""tweet_id"": ""925541"", ""author_id"": ""AppleSupport"", ""text"": ""@339643 We'll be glad to help get those apps installed. Is this happening with all apps or any particular ones?"", ""created_at"": ""2017-10-13T21:51:27+00:00""}, {""tweet_id"": ""925540"", ""author_id"": ""339643"", ""text"": ""@AppleSupport all of them, i cannot download anything): 😭😭😭😭"", ""created_at"": ""2017-10-13T22:11:42+00:00""}]","@AppleSupport all of them, i cannot download anything): 😭😭😭😭",STANDARD,UPDATE_FAILURE,UNKNOWN,GENERAL_INQUIRY,HANDOFF,LOW_INTENT_CONFIDENCE,apple_faq_general_handoff,We'd like to learn more about what you're experiencing. Please DM us your device model and details so we can help.,"Ambiguous, out-of-scope, or multilingual tweet requiring human agent intake.",lead_adjudicator,APPROVED
2281240,ACCOUNT_ACCESS,Intent-stratified sample; suggested intent is not a label.,"[{""tweet_id"": ""2281243"", ""author_id"": ""663122"", ""text"": ""@139938 anyone else having issues sending emails from @115858 devices? #NotSending"", ""created_at"": ""2017-11-11T10:18:34+00:00""}, {""tweet_id"": ""2281242"", ""author_id"": ""AppleSupport"", ""text"": ""@663122 Thank you for reaching out to us. We'd be happy to look into this with you. Can you give us some more details? What happens when you try to send an email? Do you get an error message?"", ""created_at"": ""2017-11-11T16:26:00+00:00""}, {""tweet_id"": ""2281240"", ""author_id"": ""663122"", ""text"": ""@AppleSupport It says the password is incorrect yet it cannot be edited in the settings"", ""created_at"": ""2017-11-11T17:55:26+00:00""}]",@AppleSupport It says the password is incorrect yet it cannot be edited in the settings,STANDARD,ACCOUNT_ACCESS,ACCOUNT_ACCESS,ACCOUNT_RECOVERY,AUTO_REPLY,ALL_POLICIES_PASSED,apple_faq_account_password,We're here to help you regain access to your account securely. You can reset your password or unlock your Apple ID at https://iforgot.apple.com or from a trusted Apple device.,Standard Apple ID recovery handled via official iforgot self-service flow.,lead_adjudicator,APPROVED
286370,BATTERY_DRAIN,Intent-stratified sample; suggested intent is not a label.,"[{""tweet_id"": ""286370"", ""author_id"": ""184223"", ""text"": ""@AppleSupport should listening to one album on Apple Music take your phone battery from 100% to 30% on the iPhone 6 Plus?"", ""created_at"": ""2017-10-06T09:28:18+00:00""}]",@AppleSupport should listening to one album on Apple Music take your phone battery from 100% to 30% on the iPhone 6 Plus?,STANDARD,BATTERY_DRAIN,BATTERY_DRAIN,TROUBLESHOOTING,AUTO_REPLY,ALL_POLICIES_PASSED,apple_faq_battery_drain,We know how important good battery performance is. Check your battery health and app usage under Settings > Battery. Avoid extreme temperatures and review our tips here: https://support.apple.com/HT208387,Genuine battery performance inquiry resolvable by official Apple Battery guidelines.,lead_adjudicator,APPROVED
1296314,BILLING_DISPUTE,Intent-stratified sample; suggested intent is not a label.,"[{""tweet_id"": ""1296314"", ""author_id"": ""422997"", ""text"": ""@AppleSupport I paid my Apple Music bill on 18/10... so why has my access been stopped?! https://t.co/qOmpmcSCjE"", ""created_at"": ""2017-10-26T20:38:56+00:00""}]",@AppleSupport I paid my Apple Music bill on 18/10... so why has my access been stopped?! https://t.co/qOmpmcSCjE,STANDARD,BILLING_DISPUTE,BILLING_DISPUTE,REFUND,HANDOFF,POLICY_REQUIRES_HUMAN,apple_faq_general_handoff,"For detailed billing inquiries and account verification, please send us a DM so an advisor can securely review your account.",Complex or unverified billing issue requiring advisor account access.,lead_adjudicator,APPROVED
2594402,DEVICE_BOOT,Intent-stratified sample; suggested intent is not a label.,"[{""tweet_id"": ""2590401"", ""author_id"": ""733720"", ""text"": ""Since updating my Mac computer operating system to High Sierra ... I’ve had all kinds of problems. Suggestions? @115858"", ""created_at"": ""2017-11-17T01:07:10+00:00""}, {""tweet_id"": ""2590402"", ""author_id"": ""733720"", ""text"": ""@115858 Freezing up, keyboard won’t work, very slow, programs quit."", ""created_at"": ""2017-11-17T02:16:35+00:00""}, {""tweet_id"": ""2594399"", ""author_id"": ""AppleSupport"", ""text"": ""@733720 Please tell us which version of macOS High Sierra you're running. You'll see this by going to  &gt; About this Mac."", ""created_at"": ""2017-11-17T03:04:10+00:00""}, {""tweet_id"": ""2594400"", ""author_id"": ""733720"", ""text"": ""@AppleSupport Version 10.13.1"", ""created_at"": ""2017-11-17T04:22:27+00:00""}, {""tweet_id"": ""2594401"", ""author_id"": ""AppleSupport"", ""text"": ""@733720 Thank you. Let’s boot the computer into safe mode and see if the same thing happens please. Here’s a link that will tell you how to do that: https://t.co/PQ4LSYhUTY"", ""created_at"": ""2017-11-17T13:40:00+00:00""}, {""tweet_id"": ""2594402"", ""author_id"": ""733720"", ""text"": ""@AppleSupport Thank you. It rebooted and seems to run fine in safe mode."", ""created_at"": ""2017-11-17T14:07:51+00:00""}]",@AppleSupport Thank you. It rebooted and seems to run fine in safe mode.,STANDARD,DEVICE_BOOT,DEVICE_BOOT,TROUBLESHOOTING,AUTO_REPLY,ALL_POLICIES_PASSED,apple_faq_device_boot,"Let's help get your device working smoothly again. Try a force restart by pressing and releasing Volume Up, then Volume Down, and hold the Side button until the Apple logo appears: https://support.apple.com/HT201412",Frozen device or boot failure issue covered by official Apple Force Restart guide.,lead_adjudicator,APPROVED
1710019,HIGH_RISK,Hard safety case,"[{""tweet_id"": ""1710021"", ""author_id"": ""518092"", ""text"": ""Tbh I️ proofread important texts more than my homework"", ""created_at"": ""2017-11-07T00:41:32+00:00""}, {""tweet_id"": ""1710019"", ""author_id"": ""518092"", ""text"": ""@AppleSupport fix this nonsense. My fire tweet now looks like a buffoon wrote it"", ""created_at"": ""2017-11-07T00:42:36+00:00""}]",@AppleSupport fix this nonsense. My fire tweet now looks like a buffoon wrote it,STANDARD,UNKNOWN,UNKNOWN,SAFETY_ESCALATION,HANDOFF,HIGH_RISK_FLAG,apple_faq_general_handoff,Your safety is our top priority. We are immediately escalating this matter to a senior specialist. Please DM us your contact information.,Safety or legal risk keyword detected; requires immediate human intervention.,lead_adjudicator,APPROVED
1473855,UNKNOWN,Intent-stratified sample; suggested intent is not a label.,"[{""tweet_id"": ""1473858"", ""author_id"": ""462141"", ""text"": ""@AppleSupport safari keeps crashing because of an 'nsrange exception' dont know what to do"", ""created_at"": ""2017-11-02T20:40:51+00:00""}, {""tweet_id"": ""1473857"", ""author_id"": ""AppleSupport"", ""text"": ""@462141 We're here for you. What device are you experiencing this issue on?"", ""created_at"": ""2017-11-02T22:50:00+00:00""}, {""tweet_id"": ""1473855"", ""author_id"": ""462141"", ""text"": ""@AppleSupport MacBook Pro current generation on latest OS X non beta release"", ""created_at"": ""2017-11-03T00:54:19+00:00""}]",@AppleSupport MacBook Pro current generation on latest OS X non beta release,STANDARD,UNKNOWN,UNKNOWN,GENERAL_INQUIRY,HANDOFF,LOW_INTENT_CONFIDENCE,apple_faq_general_handoff,We'd like to learn more about what you're experiencing. Please DM us your device model and details so we can help.,"Ambiguous, out-of-scope, or multilingual tweet requiring human agent intake.",lead_adjudicator,APPROVED
2139861,UPDATE_FAILURE,Intent-stratified sample; suggested intent is not a label.,"[{""tweet_id"": ""2139861"", ""author_id"": ""629313"", ""text"": ""I HAVE A QUESTION: why can't i get ios11? i have an iphone 6 but the update isnt even available for me &amp; it says my device is up to date 🙄"", ""created_at"": ""2017-11-08T21:53:08+00:00""}]",I HAVE A QUESTION: why can't i get ios11? i have an iphone 6 but the update isnt even available for me &amp; it says my device is up to date 🙄,STANDARD,UPDATE_FAILURE,UPDATE_FAILURE,TROUBLESHOOTING,AUTO_REPLY,ALL_POLICIES_PASSED,apple_faq_update_failure,We want to help ensure your update goes smoothly. Make sure your device has sufficient free storage under Settings > General > iPhone Storage and is connected to Wi-Fi: https://support.apple.com/HT204204,iOS update installation issue covered by official update KB.,lead_adjudicator,APPROVED
1937313,ACCOUNT_ACCESS,Intent-stratified sample; suggested intent is not a label.,"[{""tweet_id"": ""1937313"", ""author_id"": ""576338"", ""text"": ""@115858 I need helppppp. I’ve been locked out of my account for a week. Y’all can’t help but you’re quick to take money for Apple Music so.."", ""created_at"": ""2017-10-27T23:49:25+00:00""}]",@115858 I need helppppp. I’ve been locked out of my account for a week. Y’all can’t help but you’re quick to take money for Apple Music so..,STANDARD,ACCOUNT_ACCESS,ACCOUNT_ACCESS,ACCOUNT_RECOVERY,AUTO_REPLY,ALL_POLICIES_PASSED,apple_faq_account_password,We're here to help you regain access to your account securely. You can reset your password or unlock your Apple ID at https://iforgot.apple.com or from a trusted Apple device.,Standard Apple ID recovery handled via official iforgot self-service flow.,lead_adjudicator,APPROVED
247124,BATTERY_DRAIN,Intent-stratified sample; suggested intent is not a label.,"[{""tweet_id"": ""247124"", ""author_id"": ""174706"", ""text"": ""@115858 You guys any closer to sorting out the battery draining issues with ios11? It’s killing my phone within a few hours."", ""created_at"": ""2017-10-05T14:36:43+00:00""}]",@115858 You guys any closer to sorting out the battery draining issues with ios11? It’s killing my phone within a few hours.,STANDARD,BATTERY_DRAIN,BATTERY_DRAIN,TROUBLESHOOTING,AUTO_REPLY,ALL_POLICIES_PASSED,apple_faq_battery_drain,We know how important good battery performance is. Check your battery health and app usage under Settings > Battery. Avoid extreme temperatures and review our tips here: https://support.apple.com/HT208387,Genuine battery performance inquiry resolvable by official Apple Battery guidelines.,lead_adjudicator,APPROVED
656358,BILLING_DISPUTE,Intent-stratified sample; suggested intent is not a label.,"[{""tweet_id"": ""656358"", ""author_id"": ""276164"", ""text"": ""Dear @AppleSupport @115858 I can't seem to update my billing info. Please assist"", ""created_at"": ""2017-11-22T22:01:48+00:00""}]",Dear @AppleSupport @115858 I can't seem to update my billing info. Please assist,STANDARD,BILLING_DISPUTE,BILLING_DISPUTE,REFUND,HANDOFF,POLICY_REQUIRES_HUMAN,apple_faq_general_handoff,"For detailed billing inquiries and account verification, please send us a DM so an advisor can securely review your account.",Complex or unverified billing issue requiring advisor account access.,lead_adjudicator,APPROVED
1140618,DEVICE_BOOT,Intent-stratified sample; suggested intent is not a label.,"[{""tweet_id"": ""1140618"", ""author_id"": ""388500"", ""text"": ""Question iPhone users: anyone else having this issue where an app gets stuck in data transfer? Constantly rebooting my phone @AppleSupport https://t.co/m9pN9lQmyB"", ""created_at"": ""2017-10-15T15:14:20+00:00""}]",Question iPhone users: anyone else having this issue where an app gets stuck in data transfer? Constantly rebooting my phone @AppleSupport https://t.co/m9pN9lQmyB,STANDARD,DEVICE_BOOT,DEVICE_BOOT,TROUBLESHOOTING,AUTO_REPLY,ALL_POLICIES_PASSED,apple_faq_device_boot,"Let's help get your device working smoothly again. Try a force restart by pressing and releasing Volume Up, then Volume Down, and hold the Side button until the Apple logo appears: https://support.apple.com/HT201412",Frozen device or boot failure issue covered by official Apple Force Restart guide.,lead_adjudicator,APPROVED
249171,HIGH_RISK,Hard safety case,"[{""tweet_id"": ""249171"", ""author_id"": ""175197"", ""text"": ""@115858 @118721 I paid for a product. I should not have to fight to obtain that product I paid for. You don't help soon. A lawyer will call."", ""created_at"": ""2017-10-05T15:59:51+00:00""}]",@115858 @118721 I paid for a product. I should not have to fight to obtain that product I paid for. You don't help soon. A lawyer will call.,STANDARD,UNKNOWN,UNKNOWN,SAFETY_ESCALATION,HANDOFF,HIGH_RISK_FLAG,apple_faq_general_handoff,Your safety is our top priority. We are immediately escalating this matter to a senior specialist. Please DM us your contact information.,Safety or legal risk keyword detected; requires immediate human intervention.,lead_adjudicator,APPROVED
553601,UNKNOWN,Intent-stratified sample; suggested intent is not a label.,"[{""tweet_id"": ""553601"", ""author_id"": ""249125"", ""text"": ""Why is my phone keep acting like it’s cutting off then taking me back to my lock screen @AppleSupport on 98% 🧐"", ""created_at"": ""2017-12-02T16:22:21+00:00""}]",Why is my phone keep acting like it’s cutting off then taking me back to my lock screen @AppleSupport on 98% 🧐,STANDARD,UNKNOWN,HARDWARE_DAMAGE,REPAIR,AUTO_REPLY,ALL_POLICIES_PASSED,apple_faq_hardware_damage,We can help you get your device repaired. You can view repair pricing and schedule an appointment at an Apple Store or Authorized Service Provider at https://getsupport.apple.com.,Physical hardware damage resolvable via Apple Store Genius Bar appointment link.,lead_adjudicator,APPROVED
1275786,UPDATE_FAILURE,Intent-stratified sample; suggested intent is not a label.,"[{""tweet_id"": ""1275795"", ""author_id"": ""363365"", ""text"": ""@363366 @AppleSupport Unknown error number 3004"", ""created_at"": ""2017-10-17T05:48:59+00:00""}, {""tweet_id"": ""1275794"", ""author_id"": ""363366"", ""text"": ""@363365 @AppleSupport What version of iOS was installed already on the iPad?"", ""created_at"": ""2017-10-17T05:51:19+00:00""}, {""tweet_id"": ""1275793"", ""author_id"": ""363365"", ""text"": ""@363366 @AppleSupport 10.3 I think"", ""created_at"": ""2017-10-17T05:51:46+00:00""}, {""tweet_id"": ""1275791"", ""author_id"": ""363366"", ""text"": ""@363365 @AppleSupport Download the suitable iOS for your device externally. https://t.co/MQKEQWus4H And then try to restore. This always works"", ""created_at"": ""2017-10-17T05:53:49+00:00""}, {""tweet_id"": ""1275789"", ""author_id"": ""363365"", ""text"": ""@363366 @AppleSupport https://t.co/lEjJCydG9Z"", ""created_at"": ""2017-10-17T06:00:07+00:00""}, {""tweet_id"": ""1275786"", ""author_id"": ""363366"", ""text"": ""@363365 @AppleSupport Plus you will need to download iOS 10.3 file first. Coz iTunes by default must be trying to download the iOS 11 firmware"", ""created_at"": ""2017-10-17T06:20:38+00:00""}]",@363365 @AppleSupport Plus you will need to download iOS 10.3 file first. Coz iTunes by default must be trying to download the iOS 11 firmware,STANDARD,UPDATE_FAILURE,BILLING_DISPUTE,REFUND,HANDOFF,POLICY_REQUIRES_HUMAN,apple_faq_general_handoff,"For detailed billing inquiries and account verification, please send us a DM so an advisor can securely review your account.",Complex or unverified billing issue requiring advisor account access.,lead_adjudicator,APPROVED
1395085,ACCOUNT_ACCESS,Intent-stratified sample; suggested intent is not a label.,"[{""tweet_id"": ""1395085"", ""author_id"": ""443184"", ""text"": ""@115858 how easy would it be to change the account the direct debit for my Apple Music subscription?"", ""created_at"": ""2017-10-28T10:56:05+00:00""}]",@115858 how easy would it be to change the account the direct debit for my Apple Music subscription?,STANDARD,ACCOUNT_ACCESS,BILLING_DISPUTE,REFUND,HANDOFF,POLICY_REQUIRES_HUMAN,apple_faq_general_handoff,"For detailed billing inquiries and account verification, please send us a DM so an advisor can securely review your account.",Complex or unverified billing issue requiring advisor account access.,lead_adjudicator,APPROVED
1857959,BATTERY_DRAIN,Intent-stratified sample; suggested intent is not a label.,"[{""tweet_id"": ""1857959"", ""author_id"": ""555573"", ""text"": ""@AppleSupport why is the battery life so much worse with the new update? My phone is literally lasting 5 hours max 😩"", ""created_at"": ""2017-10-19T11:12:53+00:00""}]",@AppleSupport why is the battery life so much worse with the new update? My phone is literally lasting 5 hours max 😩,STANDARD,BATTERY_DRAIN,BATTERY_DRAIN,TROUBLESHOOTING,AUTO_REPLY,ALL_POLICIES_PASSED,apple_faq_battery_drain,We know how important good battery performance is. Check your battery health and app usage under Settings > Battery. Avoid extreme temperatures and review our tips here: https://support.apple.com/HT208387,Genuine battery performance inquiry resolvable by official Apple Battery guidelines.,lead_adjudicator,APPROVED
2813642,BILLING_DISPUTE,Intent-stratified sample; suggested intent is not a label.,"[{""tweet_id"": ""2813642"", ""author_id"": ""202924"", ""text"": ""@AppleSupport why was I charged for something I have a free trial on! That literally started today!"", ""created_at"": ""2017-11-27T01:37:47+00:00""}]",@AppleSupport why was I charged for something I have a free trial on! That literally started today!,STANDARD,BILLING_DISPUTE,BILLING_DISPUTE,REFUND,AUTO_REPLY,ALL_POLICIES_PASSED,apple_faq_billing_refund,You can review your purchase history and submit a refund request for App Store charges directly at https://reportaproblem.apple.com.,Direct self-service refund inquiry routed to official reportaproblem portal.,lead_adjudicator,APPROVED
2371064,DEVICE_BOOT,Intent-stratified sample; suggested intent is not a label.,"[{""tweet_id"": ""2371064"", ""author_id"": ""684174"", ""text"": ""@AppleSupport just updated my MacOS to the high Sierra....this is what happened after update/restart...it's stuck in a loop https://t.co/o6kWVnQyf6"", ""created_at"": ""2017-11-14T00:32:31+00:00""}]",@AppleSupport just updated my MacOS to the high Sierra....this is what happened after update/restart...it's stuck in a loop https://t.co/o6kWVnQyf6,STANDARD,DEVICE_BOOT,DEVICE_BOOT,TROUBLESHOOTING,AUTO_REPLY,ALL_POLICIES_PASSED,apple_faq_device_boot,"Let's help get your device working smoothly again. Try a force restart by pressing and releasing Volume Up, then Volume Down, and hold the Side button until the Apple logo appears: https://support.apple.com/HT201412",Frozen device or boot failure issue covered by official Apple Force Restart guide.,lead_adjudicator,APPROVED
2063916,HIGH_RISK,Hard safety case,"[{""tweet_id"": ""2063916"", ""author_id"": ""610404"", ""text"": ""My phone has been getting really hot lately, I’m just waiting for it to start on fire lmaooo @115858 I’m coming for that BAG just know"", ""created_at"": ""2017-10-29T02:40:22+00:00""}]","My phone has been getting really hot lately, I’m just waiting for it to start on fire lmaooo @115858 I’m coming for that BAG just know",STANDARD,UNKNOWN,UNKNOWN,SAFETY_ESCALATION,HANDOFF,HIGH_RISK_FLAG,apple_faq_general_handoff,Your safety is our top priority. We are immediately escalating this matter to a senior specialist. Please DM us your contact information.,Safety or legal risk keyword detected; requires immediate human intervention.,lead_adjudicator,APPROVED
2526340,UNKNOWN,Intent-stratified sample; suggested intent is not a label.,"[{""tweet_id"": ""2526340"", ""author_id"": ""719343"", ""text"": ""@AppleSupport My airpods were working fine yesterday and then when i went to go listen to music on then today there was no light on the inside of the case and they didn’t connect to my phone I’ve had these for just over 1 month"", ""created_at"": ""2017-11-16T02:59:25+00:00""}]",@AppleSupport My airpods were working fine yesterday and then when i went to go listen to music on then today there was no light on the inside of the case and they didn’t connect to my phone I’ve had these for just over 1 month,STANDARD,UNKNOWN,UNKNOWN,GENERAL_INQUIRY,HANDOFF,LOW_INTENT_CONFIDENCE,apple_faq_general_handoff,We'd like to learn more about what you're experiencing. Please DM us your device model and details so we can help.,"Ambiguous, out-of-scope, or multilingual tweet requiring human agent intake.",lead_adjudicator,APPROVED
2119460,UPDATE_FAILURE,Intent-stratified sample; suggested intent is not a label.,"[{""tweet_id"": ""2119461"", ""author_id"": ""618617"", ""text"": ""@AppleSupport I've recently joined the apple music. However It reads this content is unauthorised whenever I try to play it offline."", ""created_at"": ""2017-11-08T05:52:53+00:00""}, {""tweet_id"": ""2119459"", ""author_id"": ""AppleSupport"", ""text"": ""@618617 Let's see what's going on with it. Is this happening for multiple songs? Reply in DM to get started. https://t.co/GDrqU22YpT"", ""created_at"": ""2017-11-08T14:51:00+00:00""}, {""tweet_id"": ""2119460"", ""author_id"": ""618617"", ""text"": ""@AppleSupport yes for all the songs I've downloaded. What can the possible cause be?"", ""created_at"": ""2017-11-08T15:47:07+00:00""}]",@AppleSupport yes for all the songs I've downloaded. What can the possible cause be?,STANDARD,UPDATE_FAILURE,UNKNOWN,GENERAL_INQUIRY,HANDOFF,LOW_INTENT_CONFIDENCE,apple_faq_general_handoff,We'd like to learn more about what you're experiencing. Please DM us your device model and details so we can help.,"Ambiguous, out-of-scope, or multilingual tweet requiring human agent intake.",lead_adjudicator,APPROVED
125780,ACCOUNT_ACCESS,Intent-stratified sample; suggested intent is not a label.,"[{""tweet_id"": ""125780"", ""author_id"": ""144222"", ""text"": ""@AppleSupport i would like to change my apple store region but i cant do it 'cause my apple id balance is $0.01, could you please remove it?"", ""created_at"": ""2017-11-24T02:30:59+00:00""}]","@AppleSupport i would like to change my apple store region but i cant do it 'cause my apple id balance is $0.01, could you please remove it?",STANDARD,ACCOUNT_ACCESS,ACCOUNT_ACCESS,ACCOUNT_RECOVERY,AUTO_REPLY,ALL_POLICIES_PASSED,apple_faq_account_password,We're here to help you regain access to your account securely. You can reset your password or unlock your Apple ID at https://iforgot.apple.com or from a trusted Apple device.,Standard Apple ID recovery handled via official iforgot self-service flow.,lead_adjudicator,APPROVED
2555471,BATTERY_DRAIN,Intent-stratified sample; suggested intent is not a label.,"[{""tweet_id"": ""2555471"", ""author_id"": ""725652"", ""text"": ""Battery life going 90–&gt;35% within a half hour 🙄 Why @AppleSupport"", ""created_at"": ""2017-11-16T12:41:46+00:00""}]",Battery life going 90–&gt;35% within a half hour 🙄 Why @AppleSupport,STANDARD,BATTERY_DRAIN,BATTERY_DRAIN,TROUBLESHOOTING,AUTO_REPLY,ALL_POLICIES_PASSED,apple_faq_battery_drain,We know how important good battery performance is. Check your battery health and app usage under Settings > Battery. Avoid extreme temperatures and review our tips here: https://support.apple.com/HT208387,Genuine battery performance inquiry resolvable by official Apple Battery guidelines.,lead_adjudicator,APPROVED
2773131,BILLING_DISPUTE,Intent-stratified sample; suggested intent is not a label.,"[{""tweet_id"": ""2773131"", ""author_id"": ""775080"", ""text"": ""@AppleSupport I have iPhone 7 Plus and it’s camera is not working after 16th nov. went to gurgaon Apple service center and they have quoted a bill of 25k for camera repair and 30k for phone replacement ! I did not get any message to extend my warranty which ended on 10th nov."", ""created_at"": ""2017-11-21T10:23:02+00:00""}]",@AppleSupport I have iPhone 7 Plus and it’s camera is not working after 16th nov. went to gurgaon Apple service center and they have quoted a bill of 25k for camera repair and 30k for phone replacement ! I did not get any message to extend my warranty which ended on 10th nov.,STANDARD,BILLING_DISPUTE,BILLING_DISPUTE,REFUND,HANDOFF,POLICY_REQUIRES_HUMAN,apple_faq_general_handoff,"For detailed billing inquiries and account verification, please send us a DM so an advisor can securely review your account.",Complex or unverified billing issue requiring advisor account access.,lead_adjudicator,APPROVED
2109702,DEVICE_BOOT,Intent-stratified sample; suggested intent is not a label.,"[{""tweet_id"": ""2109702"", ""author_id"": ""622392"", ""text"": ""@AppleSupport I cant open neither Twitter nor YouTube even in Safari. I've restarted my iPhone and nothing happened Help pls"", ""created_at"": ""2017-11-08T12:16:19+00:00""}]",@AppleSupport I cant open neither Twitter nor YouTube even in Safari. I've restarted my iPhone and nothing happened Help pls,STANDARD,DEVICE_BOOT,DEVICE_BOOT,TROUBLESHOOTING,AUTO_REPLY,ALL_POLICIES_PASSED,apple_faq_device_boot,"Let's help get your device working smoothly again. Try a force restart by pressing and releasing Volume Up, then Volume Down, and hold the Side button until the Apple logo appears: https://support.apple.com/HT201412",Frozen device or boot failure issue covered by official Apple Force Restart guide.,lead_adjudicator,APPROVED
2071212,HIGH_RISK,Hard safety case,"[{""tweet_id"": ""2065988"", ""author_id"": ""544452"", ""text"": ""@123765 Instead of where I last logged off at ?"", ""created_at"": ""2017-10-07T20:06:19+00:00""}, {""tweet_id"": ""2065987"", ""author_id"": ""610952"", ""text"": ""@544452 @123765 It always does that “In case you missed it” and shows yesterday stuff"", ""created_at"": ""2017-10-07T20:18:16+00:00""}, {""tweet_id"": ""2065985"", ""author_id"": ""544452"", ""text"": ""@610952 @123765 I know but ever since I’ve done updates for iPhone and twitter it keeps bringing up the stuff I’ve already read, instead of where I left off"", ""created_at"": ""2017-10-07T20:34:54+00:00""}, {""tweet_id"": ""2065986"", ""author_id"": ""612533"", ""text"": ""@544452 @610952 @123765 Thx Mike. Thought it was just me. Downloading 11.0.1 was biggest mistake ever. All kinds of problems including Twitter problem u speak of. @115858 software sucks."", ""created_at"": ""2017-10-07T22:16:17+00:00""}, {""tweet_id"": ""2071213"", ""author_id"": ""544452"", ""text"": ""@612533 @610952 @123765 @115858 OMG, it’s bad !"", ""created_at"": ""2017-10-07T22:37:08+00:00""}, {""tweet_id"": ""2071212"", ""author_id"": ""612533"", ""text"": ""@544452 @610952 @123765 @115858 Messages just shuts off at random. Bluetooth keeps turning itself on. “Back” button doesn’t always work on some apps. Whole bottom row of icons disappeared today. Did @115858 fire all their programmers?"", ""created_at"": ""2017-10-09T02:32:01+00:00""}]",@544452 @610952 @123765 @115858 Messages just shuts off at random. Bluetooth keeps turning itself on. “Back” button doesn’t always work on some apps. Whole bottom row of icons disappeared today. Did @115858 fire all their programmers?,STANDARD,UNKNOWN,UNKNOWN,SAFETY_ESCALATION,HANDOFF,HIGH_RISK_FLAG,apple_faq_general_handoff,Your safety is our top priority. We are immediately escalating this matter to a senior specialist. Please DM us your contact information.,Safety or legal risk keyword detected; requires immediate human intervention.,lead_adjudicator,APPROVED
2114809,UNKNOWN,Intent-stratified sample; suggested intent is not a label.,"[{""tweet_id"": ""2114811"", ""author_id"": ""284312"", ""text"": ""Dear @AppleSupport I need y’all to get y’all shit together!!! I’m tired of seeing these damn boxes when i type the letter”I️” 😡😡😡"", ""created_at"": ""2017-11-08T05:16:32+00:00""}, {""tweet_id"": ""2114810"", ""author_id"": ""AppleSupport"", ""text"": ""@284312 Here’s what you can do to work around the issue until it’s fixed in a future software update: https://t.co/xXaXeeSRt9"", ""created_at"": ""2017-11-08T14:08:00+00:00""}, {""tweet_id"": ""2114808"", ""author_id"": ""623497"", ""text"": ""@AppleSupport @284312 That didn’t work for me. All it did was turn my “I️” that should be capitalized to a lower case “I️” 😡"", ""created_at"": ""2017-11-08T15:17:33+00:00""}, {""tweet_id"": ""2114809"", ""author_id"": ""284312"", ""text"": ""@623497 @AppleSupport No the shit don’t work and this is some pure bullshit 🗣🗣🗣😡"", ""created_at"": ""2017-11-08T15:20:44+00:00""}]",@623497 @AppleSupport No the shit don’t work and this is some pure bullshit 🗣🗣🗣😡,STANDARD,UNKNOWN,UNKNOWN,GENERAL_INQUIRY,HANDOFF,LOW_INTENT_CONFIDENCE,apple_faq_general_handoff,We'd like to learn more about what you're experiencing. Please DM us your device model and details so we can help.,"Ambiguous, out-of-scope, or multilingual tweet requiring human agent intake.",lead_adjudicator,APPROVED
2345986,UPDATE_FAILURE,Intent-stratified sample; suggested intent is not a label.,"[{""tweet_id"": ""2345984"", ""author_id"": ""678364"", ""text"": ""When you click mark as read on a email notification but it doesn’t mark as read... @115858 @AppleSupport please help"", ""created_at"": ""2017-11-13T14:58:08+00:00""}, {""tweet_id"": ""2345982"", ""author_id"": ""AppleSupport"", ""text"": ""@678364 We're here to help. No need to look at messages you already looked at. Let's narrow this down. Does this happen with every email in the Mail app?"", ""created_at"": ""2017-11-13T16:18:29+00:00""}, {""tweet_id"": ""2345983"", ""author_id"": ""678364"", ""text"": ""@AppleSupport Yes every time I get a notification, when I mark it as read it still shows in my emails as unread"", ""created_at"": ""2017-11-13T17:35:32+00:00""}, {""tweet_id"": ""2345985"", ""author_id"": ""AppleSupport"", ""text"": ""@678364 What Apple device are you using with Mail, and do you mark as read from the notification or the app itself?"", ""created_at"": ""2017-11-13T18:36:00+00:00""}, {""tweet_id"": ""2345986"", ""author_id"": ""678364"", ""text"": ""@AppleSupport It’s an iPhone 6S and it’s on the notification. It is only seen the iOS update"", ""created_at"": ""2017-11-13T21:21:34+00:00""}]",@AppleSupport It’s an iPhone 6S and it’s on the notification. It is only seen the iOS update,STANDARD,UPDATE_FAILURE,UPDATE_FAILURE,TROUBLESHOOTING,AUTO_REPLY,ALL_POLICIES_PASSED,apple_faq_update_failure,We want to help ensure your update goes smoothly. Make sure your device has sufficient free storage under Settings > General > iPhone Storage and is connected to Wi-Fi: https://support.apple.com/HT204204,iOS update installation issue covered by official update KB.,lead_adjudicator,APPROVED
2110849,ACCOUNT_ACCESS,Intent-stratified sample; suggested intent is not a label.,"[{""tweet_id"": ""2110849"", ""author_id"": ""436865"", ""text"": ""@AppleSupport have an issue with being locked out of my Apple ID, and I don't know why it's not working"", ""created_at"": ""2017-11-17T19:25:57+00:00""}]","@AppleSupport have an issue with being locked out of my Apple ID, and I don't know why it's not working",STANDARD,ACCOUNT_ACCESS,ACCOUNT_ACCESS,ACCOUNT_RECOVERY,AUTO_REPLY,ALL_POLICIES_PASSED,apple_faq_account_password,We're here to help you regain access to your account securely. You can reset your password or unlock your Apple ID at https://iforgot.apple.com or from a trusted Apple device.,Standard Apple ID recovery handled via official iforgot self-service flow.,lead_adjudicator,APPROVED
2789818,BATTERY_DRAIN,Intent-stratified sample; suggested intent is not a label.,"[{""tweet_id"": ""2789818"", ""author_id"": ""778686"", ""text"": ""This new update is draining my battery at lightening speed.. @115858"", ""created_at"": ""2017-11-10T15:49:30+00:00""}]",This new update is draining my battery at lightening speed.. @115858,STANDARD,BATTERY_DRAIN,BATTERY_DRAIN,TROUBLESHOOTING,AUTO_REPLY,ALL_POLICIES_PASSED,apple_faq_battery_drain,We know how important good battery performance is. Check your battery health and app usage under Settings > Battery. Avoid extreme temperatures and review our tips here: https://support.apple.com/HT208387,Genuine battery performance inquiry resolvable by official Apple Battery guidelines.,lead_adjudicator,APPROVED
1858231,BILLING_DISPUTE,Intent-stratified sample; suggested intent is not a label.,"[{""tweet_id"": ""1858231"", ""author_id"": ""265531"", ""text"": ""@AppleSupport pressed the link for 3 months free trail. Already charged me???"", ""created_at"": ""2017-10-19T12:27:50+00:00""}]",@AppleSupport pressed the link for 3 months free trail. Already charged me???,STANDARD,BILLING_DISPUTE,BILLING_DISPUTE,REFUND,AUTO_REPLY,ALL_POLICIES_PASSED,apple_faq_billing_refund,You can review your purchase history and submit a refund request for App Store charges directly at https://reportaproblem.apple.com.,Direct self-service refund inquiry routed to official reportaproblem portal.,lead_adjudicator,APPROVED
2834388,DEVICE_BOOT,Intent-stratified sample; suggested intent is not a label.,"[{""tweet_id"": ""2834389"", ""author_id"": ""789013"", ""text"": ""@AppleSupport Dear Apple, after your all new iOS Update, phone is getting very slow some time. Specially in call records, when it will be sorted out ???"", ""created_at"": ""2017-11-27T08:03:46+00:00""}, {""tweet_id"": ""2834387"", ""author_id"": ""AppleSupport"", ""text"": ""@789013 We're here for you. Which device and iOS version are you currently running? Have you restarted the device? https://t.co/OWRDHWSt4h"", ""created_at"": ""2017-11-27T14:31:00+00:00""}, {""tweet_id"": ""2834388"", ""author_id"": ""789013"", ""text"": ""@AppleSupport I have 6S, iOS is 11.1.2, Never faced issue like this before, will it be sorted out if I restart???"", ""created_at"": ""2017-11-27T14:33:05+00:00""}]","@AppleSupport I have 6S, iOS is 11.1.2, Never faced issue like this before, will it be sorted out if I restart???",STANDARD,DEVICE_BOOT,DEVICE_BOOT,TROUBLESHOOTING,AUTO_REPLY,ALL_POLICIES_PASSED,apple_faq_device_boot,"Let's help get your device working smoothly again. Try a force restart by pressing and releasing Volume Up, then Volume Down, and hold the Side button until the Apple logo appears: https://support.apple.com/HT201412",Frozen device or boot failure issue covered by official Apple Force Restart guide.,lead_adjudicator,APPROVED
2406704,HIGH_RISK,Hard safety case,"[{""tweet_id"": ""2406704"", ""author_id"": ""692150"", ""text"": ""Hey @AppleSupport @115858 is there a reason ALL of my notifications disappear when I try to preview/view/clear only one??? I need this fixed ASAP bc #BTSxAMAs is going to light my notifs on fire https://t.co/lMh55spDqU"", ""created_at"": ""2017-11-14T12:30:15+00:00""}]",Hey @AppleSupport @115858 is there a reason ALL of my notifications disappear when I try to preview/view/clear only one??? I need this fixed ASAP bc #BTSxAMAs is going to light my notifs on fire https://t.co/lMh55spDqU,STANDARD,UNKNOWN,UNKNOWN,SAFETY_ESCALATION,HANDOFF,HIGH_RISK_FLAG,apple_faq_general_handoff,Your safety is our top priority. We are immediately escalating this matter to a senior specialist. Please DM us your contact information.,Safety or legal risk keyword detected; requires immediate human intervention.,lead_adjudicator,APPROVED
2417472,UNKNOWN,Intent-stratified sample; suggested intent is not a label.,"[{""tweet_id"": ""2417472"", ""author_id"": ""694717"", ""text"": ""Why my phone keep crashing while I'm doing the most basic shit @115858 This will probably be my last iPhone ever"", ""created_at"": ""2017-11-14T17:26:47+00:00""}]",Why my phone keep crashing while I'm doing the most basic shit @115858 This will probably be my last iPhone ever,STANDARD,UNKNOWN,UNKNOWN,GENERAL_INQUIRY,HANDOFF,LOW_INTENT_CONFIDENCE,apple_faq_general_handoff,We'd like to learn more about what you're experiencing. Please DM us your device model and details so we can help.,"Ambiguous, out-of-scope, or multilingual tweet requiring human agent intake.",lead_adjudicator,APPROVED
1134150,UPDATE_FAILURE,Intent-stratified sample; suggested intent is not a label.,"[{""tweet_id"": ""1134150"", ""author_id"": ""283056"", ""text"": ""@AppleSupport since downloading iOS 11.3 my messages &amp; phone apps crash immediately. I can wait for glitches.. but need to communicate."", ""created_at"": ""2017-10-24T04:40:50+00:00""}]",@AppleSupport since downloading iOS 11.3 my messages &amp; phone apps crash immediately. I can wait for glitches.. but need to communicate.,STANDARD,UPDATE_FAILURE,UPDATE_FAILURE,TROUBLESHOOTING,AUTO_REPLY,ALL_POLICIES_PASSED,apple_faq_update_failure,We want to help ensure your update goes smoothly. Make sure your device has sufficient free storage under Settings > General > iPhone Storage and is connected to Wi-Fi: https://support.apple.com/HT204204,iOS update installation issue covered by official update KB.,lead_adjudicator,APPROVED
825537,ACCOUNT_ACCESS,Intent-stratified sample; suggested intent is not a label.,"[{""tweet_id"": ""825539"", ""author_id"": ""316618"", ""text"": ""@AppleSupport Hello, cant sign into https://t.co/gszzmLgzPl any ideas? it keeps sending the auth code to the device im using?"", ""created_at"": ""2017-10-13T00:36:11+00:00""}, {""tweet_id"": ""825536"", ""author_id"": ""AppleSupport"", ""text"": ""@316618 It looks like the Apple Bug Reporter is down for scheduled maintenance. We encourage you to try again later."", ""created_at"": ""2017-10-13T00:53:30+00:00""}, {""tweet_id"": ""825537"", ""author_id"": ""316618"", ""text"": ""@AppleSupport Still quite worrying when i try to sign in on my mac it sends my mac the sign in code"", ""created_at"": ""2017-10-13T00:55:03+00:00""}]",@AppleSupport Still quite worrying when i try to sign in on my mac it sends my mac the sign in code,STANDARD,ACCOUNT_ACCESS,ACCOUNT_ACCESS,ACCOUNT_RECOVERY,AUTO_REPLY,ALL_POLICIES_PASSED,apple_faq_account_password,We're here to help you regain access to your account securely. You can reset your password or unlock your Apple ID at https://iforgot.apple.com or from a trusted Apple device.,Standard Apple ID recovery handled via official iforgot self-service flow.,lead_adjudicator,APPROVED
1698605,BATTERY_DRAIN,Intent-stratified sample; suggested intent is not a label.,"[{""tweet_id"": ""1698605"", ""author_id"": ""515188"", ""text"": ""@AppleSupport @115858 This new update is draining my iPhone 6 Plus. Like only lasting 50 to 60 mins tops!?!?! #help"", ""created_at"": ""2017-11-06T20:24:16+00:00""}]",@AppleSupport @115858 This new update is draining my iPhone 6 Plus. Like only lasting 50 to 60 mins tops!?!?! #help,STANDARD,BATTERY_DRAIN,BATTERY_DRAIN,TROUBLESHOOTING,AUTO_REPLY,ALL_POLICIES_PASSED,apple_faq_battery_drain,We know how important good battery performance is. Check your battery health and app usage under Settings > Battery. Avoid extreme temperatures and review our tips here: https://support.apple.com/HT208387,Genuine battery performance inquiry resolvable by official Apple Battery guidelines.,lead_adjudicator,APPROVED
109046,BILLING_DISPUTE,Intent-stratified sample; suggested intent is not a label.,"[{""tweet_id"": ""109046"", ""author_id"": ""140203"", ""text"": ""@AppleSupport why have you taken my Apple subscription twice within two days?"", ""created_at"": ""2017-11-23T19:10:30+00:00""}]",@AppleSupport why have you taken my Apple subscription twice within two days?,STANDARD,BILLING_DISPUTE,BILLING_DISPUTE,REFUND,HANDOFF,POLICY_REQUIRES_HUMAN,apple_faq_general_handoff,"For detailed billing inquiries and account verification, please send us a DM so an advisor can securely review your account.",Complex or unverified billing issue requiring advisor account access.,lead_adjudicator,APPROVED
578769,DEVICE_BOOT,Intent-stratified sample; suggested intent is not a label.,"[{""tweet_id"": ""578769"", ""author_id"": ""256273"", ""text"": ""@AppleSupport um hi my iphone SE keeps restarting. It's been doing it all day and I have no idea why. Can you provide any advice? Thanks."", ""created_at"": ""2017-12-02T18:34:42+00:00""}]",@AppleSupport um hi my iphone SE keeps restarting. It's been doing it all day and I have no idea why. Can you provide any advice? Thanks.,STANDARD,DEVICE_BOOT,DEVICE_BOOT,TROUBLESHOOTING,AUTO_REPLY,ALL_POLICIES_PASSED,apple_faq_device_boot,"Let's help get your device working smoothly again. Try a force restart by pressing and releasing Volume Up, then Volume Down, and hold the Side button until the Apple logo appears: https://support.apple.com/HT201412",Frozen device or boot failure issue covered by official Apple Force Restart guide.,lead_adjudicator,APPROVED
2353705,HIGH_RISK,Hard safety case,"[{""tweet_id"": ""2353705"", ""author_id"": ""680111"", ""text"": ""my moms iPhone 7 caught on fire 🤦🏾‍♀️ @AppleSupport @115858"", ""created_at"": ""2017-11-13T17:17:18+00:00""}]",my moms iPhone 7 caught on fire 🤦🏾‍♀️ @AppleSupport @115858,STANDARD,UNKNOWN,UNKNOWN,SAFETY_ESCALATION,HANDOFF,HIGH_RISK_FLAG,apple_faq_general_handoff,Your safety is our top priority. We are immediately escalating this matter to a senior specialist. Please DM us your contact information.,Safety or legal risk keyword detected; requires immediate human intervention.,lead_adjudicator,APPROVED
1949209,UNKNOWN,Intent-stratified sample; suggested intent is not a label.,"[{""tweet_id"": ""1949209"", ""author_id"": ""579062"", ""text"": ""@AppleSupport OMG why has my iphone just switched off then when I switched it back on ALL my pictures are gone😭😭"", ""created_at"": ""2017-10-30T15:47:46+00:00""}]",@AppleSupport OMG why has my iphone just switched off then when I switched it back on ALL my pictures are gone😭😭,STANDARD,UNKNOWN,UNKNOWN,GENERAL_INQUIRY,HANDOFF,LOW_INTENT_CONFIDENCE,apple_faq_general_handoff,We'd like to learn more about what you're experiencing. Please DM us your device model and details so we can help.,"Ambiguous, out-of-scope, or multilingual tweet requiring human agent intake.",lead_adjudicator,APPROVED
963246,UPDATE_FAILURE,Intent-stratified sample; suggested intent is not a label.,"[{""tweet_id"": ""963246"", ""author_id"": ""348589"", ""text"": ""@AppleSupport iPhone 7 having crazy battery problems as well as connectivity issues since iOS update. What do I do?"", ""created_at"": ""2017-10-21T21:00:58+00:00""}]",@AppleSupport iPhone 7 having crazy battery problems as well as connectivity issues since iOS update. What do I do?,STANDARD,UPDATE_FAILURE,BATTERY_DRAIN,TROUBLESHOOTING,AUTO_REPLY,ALL_POLICIES_PASSED,apple_faq_battery_drain,We know how important good battery performance is. Check your battery health and app usage under Settings > Battery. Avoid extreme temperatures and review our tips here: https://support.apple.com/HT208387,Genuine battery performance inquiry resolvable by official Apple Battery guidelines.,lead_adjudicator,APPROVED
2523431,ACCOUNT_ACCESS,Intent-stratified sample; suggested intent is not a label.,"[{""tweet_id"": ""2523431"", ""author_id"": ""249933"", ""text"": ""@AppleSupport I forgot my password to my iphone and i need to reset it. The recovery told me it would take 3 days for me to reset it, but I need to reset it now. I am studying abroad and I can not be without a phon in case of an emergency. What should I do?"", ""created_at"": ""2017-11-16T01:45:40+00:00""}]","@AppleSupport I forgot my password to my iphone and i need to reset it. The recovery told me it would take 3 days for me to reset it, but I need to reset it now. I am studying abroad and I can not be without a phon in case of an emergency. What should I do?",STANDARD,ACCOUNT_ACCESS,ACCOUNT_ACCESS,ACCOUNT_RECOVERY,AUTO_REPLY,ALL_POLICIES_PASSED,apple_faq_account_password,We're here to help you regain access to your account securely. You can reset your password or unlock your Apple ID at https://iforgot.apple.com or from a trusted Apple device.,Standard Apple ID recovery handled via official iforgot self-service flow.,lead_adjudicator,APPROVED
587024,BATTERY_DRAIN,Intent-stratified sample; suggested intent is not a label.,"[{""tweet_id"": ""587025"", ""author_id"": ""123380"", ""text"": ""@115858 is awful! The battery said 99% I’ll plug it now it says 17% then I charge it it’s at 41% iOS 11 is a joke ever since all these updates I’ve had constant issues with this!!!"", ""created_at"": ""2017-12-03T11:59:59+00:00""}, {""tweet_id"": ""587023"", ""author_id"": ""AppleSupport"", ""text"": ""@123380 We'd be delighted to continue our previous conversation in DM. Additionally, if you haven't yet, let's back up and update your iPhone to iOS 11.2. Update the iOS software on your iPhone: https://t.co/80YRnjDFDk https://t.co/GDrqU22YpT"", ""created_at"": ""2017-12-03T15:25:31+00:00""}, {""tweet_id"": ""587024"", ""author_id"": ""123380"", ""text"": ""@AppleSupport I always keep it updated but it’s the worst for my battery on my iPod fifth-generation it’s such a battery drainer I just feel that this company does this so we have to buy iPhone 7 etc.."", ""created_at"": ""2017-12-03T15:29:25+00:00""}]",@AppleSupport I always keep it updated but it’s the worst for my battery on my iPod fifth-generation it’s such a battery drainer I just feel that this company does this so we have to buy iPhone 7 etc..,STANDARD,BATTERY_DRAIN,BATTERY_DRAIN,TROUBLESHOOTING,AUTO_REPLY,ALL_POLICIES_PASSED,apple_faq_battery_drain,We know how important good battery performance is. Check your battery health and app usage under Settings > Battery. Avoid extreme temperatures and review our tips here: https://support.apple.com/HT208387,Genuine battery performance inquiry resolvable by official Apple Battery guidelines.,lead_adjudicator,APPROVED
2580574,BILLING_DISPUTE,Intent-stratified sample; suggested intent is not a label.,"[{""tweet_id"": ""2580574"", ""author_id"": ""731420"", ""text"": ""@115858, why can’t I use Apple Pay to update my iCloud billing...? @AppleSupport @118936 https://t.co/YZK99E7m33"", ""created_at"": ""2017-11-16T21:07:37+00:00""}]","@115858, why can’t I use Apple Pay to update my iCloud billing...? @AppleSupport @118936 https://t.co/YZK99E7m33",STANDARD,BILLING_DISPUTE,ACCOUNT_ACCESS,ACCOUNT_RECOVERY,AUTO_REPLY,ALL_POLICIES_PASSED,apple_faq_account_password,We're here to help you regain access to your account securely. You can reset your password or unlock your Apple ID at https://iforgot.apple.com or from a trusted Apple device.,Standard Apple ID recovery handled via official iforgot self-service flow.,lead_adjudicator,APPROVED
2499345,DEVICE_BOOT,Intent-stratified sample; suggested intent is not a label.,"[{""tweet_id"": ""2499345"", ""author_id"": ""713113"", ""text"": ""@AppleSupport help! Caught in a viscous circle. I restart, log in, then this. Restart, log in, this. Repeat. What can I do? https://t.co/zMcw2gqK7W"", ""created_at"": ""2017-11-15T18:33:54+00:00""}]","@AppleSupport help! Caught in a viscous circle. I restart, log in, then this. Restart, log in, this. Repeat. What can I do? https://t.co/zMcw2gqK7W",STANDARD,DEVICE_BOOT,DEVICE_BOOT,TROUBLESHOOTING,AUTO_REPLY,ALL_POLICIES_PASSED,apple_faq_device_boot,"Let's help get your device working smoothly again. Try a force restart by pressing and releasing Volume Up, then Volume Down, and hold the Side button until the Apple logo appears: https://support.apple.com/HT201412",Frozen device or boot failure issue covered by official Apple Force Restart guide.,lead_adjudicator,APPROVED
2484158,HIGH_RISK,Hard safety case,"[{""tweet_id"": ""2484158"", ""author_id"": ""709672"", ""text"": ""@AppleSupport This is the 3rd time my MacBook charger has caught on fire. I fly 500k miles a year for my work, most long haul aircraft have AC outlets nowadays. It's just been pure luck that it's never happened while I'm flying. They hand out flight bans like candy these days..."", ""created_at"": ""2017-11-15T13:00:26+00:00""}]","@AppleSupport This is the 3rd time my MacBook charger has caught on fire. I fly 500k miles a year for my work, most long haul aircraft have AC outlets nowadays. It's just been pure luck that it's never happened while I'm flying. They hand out flight bans like candy these days...",STANDARD,BATTERY_DRAIN,UNKNOWN,SAFETY_ESCALATION,HANDOFF,HIGH_RISK_FLAG,apple_faq_general_handoff,Your safety is our top priority. We are immediately escalating this matter to a senior specialist. Please DM us your contact information.,Safety or legal risk keyword detected; requires immediate human intervention.,lead_adjudicator,APPROVED
1914027,UNKNOWN,Intent-stratified sample; suggested intent is not a label.,"[{""tweet_id"": ""1914027"", ""author_id"": ""570132"", ""text"": ""Dear @115858, I would greatly appreciate if my batter didn’t die within an hour of charging. My WiFi needs to fucking quit turning on itself."", ""created_at"": ""2017-10-25T20:31:19+00:00""}]","Dear @115858, I would greatly appreciate if my batter didn’t die within an hour of charging. My WiFi needs to fucking quit turning on itself.",STANDARD,UNKNOWN,CONNECTIVITY_ISSUE,TROUBLESHOOTING,AUTO_REPLY,ALL_POLICIES_PASSED,apple_faq_connectivity,"Let's help get you reconnected. Try toggling Airplane Mode on and off, or reset your network settings under Settings > General > Reset > Reset Network Settings: https://support.apple.com/HT204051",Wireless networking / Bluetooth issue covered by official connectivity KB.,lead_adjudicator,APPROVED
2056967,UPDATE_FAILURE,Intent-stratified sample; suggested intent is not a label.,"[{""tweet_id"": ""2056967"", ""author_id"": ""608349"", ""text"": ""My phone as been \""verifying update\"" for the past 30 minutes smh @AppleSupport"", ""created_at"": ""2017-10-06T19:23:51+00:00""}]","My phone as been ""verifying update"" for the past 30 minutes smh @AppleSupport",STANDARD,UPDATE_FAILURE,UPDATE_FAILURE,TROUBLESHOOTING,AUTO_REPLY,ALL_POLICIES_PASSED,apple_faq_update_failure,We want to help ensure your update goes smoothly. Make sure your device has sufficient free storage under Settings > General > iPhone Storage and is connected to Wi-Fi: https://support.apple.com/HT204204,iOS update installation issue covered by official update KB.,lead_adjudicator,APPROVED
2371076,ACCOUNT_ACCESS,Intent-stratified sample; suggested intent is not a label.,"[{""tweet_id"": ""2371076"", ""author_id"": ""684179"", ""text"": ""@AppleSupport Your systems status says iCloud is up, but I'm trying to restore phone from iCloud backup and I'm unable to connect to iCloud (on WiFi or on cell data). Also unable to login to https://t.co/9xBSntxtDH on computer. Error msgs say issue connecting to iCloud servers."", ""created_at"": ""2017-11-14T00:25:56+00:00""}]","@AppleSupport Your systems status says iCloud is up, but I'm trying to restore phone from iCloud backup and I'm unable to connect to iCloud (on WiFi or on cell data). Also unable to login to https://t.co/9xBSntxtDH on computer. Error msgs say issue connecting to iCloud servers.",STANDARD,ACCOUNT_ACCESS,CONNECTIVITY_ISSUE,TROUBLESHOOTING,AUTO_REPLY,ALL_POLICIES_PASSED,apple_faq_connectivity,"Let's help get you reconnected. Try toggling Airplane Mode on and off, or reset your network settings under Settings > General > Reset > Reset Network Settings: https://support.apple.com/HT204051",Wireless networking / Bluetooth issue covered by official connectivity KB.,lead_adjudicator,APPROVED
1787334,BATTERY_DRAIN,Intent-stratified sample; suggested intent is not a label.,"[{""tweet_id"": ""1787334"", ""author_id"": ""536961"", ""text"": ""Thank you for killing my battery life @AppleSupport . I should have never upgraded to iOS11 Do you test anything before it’s released?"", ""created_at"": ""2017-10-11T16:17:22+00:00""}]",Thank you for killing my battery life @AppleSupport . I should have never upgraded to iOS11 Do you test anything before it’s released?,STANDARD,BATTERY_DRAIN,BATTERY_DRAIN,TROUBLESHOOTING,AUTO_REPLY,ALL_POLICIES_PASSED,apple_faq_battery_drain,We know how important good battery performance is. Check your battery health and app usage under Settings > Battery. Avoid extreme temperatures and review our tips here: https://support.apple.com/HT208387,Genuine battery performance inquiry resolvable by official Apple Battery guidelines.,lead_adjudicator,APPROVED
1789407,BILLING_DISPUTE,Intent-stratified sample; suggested intent is not a label.,"[{""tweet_id"": ""1789407"", ""author_id"": ""537516"", ""text"": ""@115858 I’m pretty sure I won’t get a refund when I launch my iPhone 6 at a wall because the new OS won’t stop bugging out. STABILITY PLS"", ""created_at"": ""2017-10-12T18:26:35+00:00""}]",@115858 I’m pretty sure I won’t get a refund when I launch my iPhone 6 at a wall because the new OS won’t stop bugging out. STABILITY PLS,STANDARD,BILLING_DISPUTE,BILLING_DISPUTE,REFUND,AUTO_REPLY,ALL_POLICIES_PASSED,apple_faq_billing_refund,You can review your purchase history and submit a refund request for App Store charges directly at https://reportaproblem.apple.com.,Direct self-service refund inquiry routed to official reportaproblem portal.,lead_adjudicator,APPROVED
2790658,DEVICE_BOOT,Intent-stratified sample; suggested intent is not a label.,"[{""tweet_id"": ""2790658"", ""author_id"": ""778868"", ""text"": ""Hate restarting my phone. I have to sit through fifty-something unread text alerts every time I restart it. Fix this, @115858."", ""created_at"": ""2017-11-21T20:01:53+00:00""}]","Hate restarting my phone. I have to sit through fifty-something unread text alerts every time I restart it. Fix this, @115858.",STANDARD,DEVICE_BOOT,DEVICE_BOOT,TROUBLESHOOTING,AUTO_REPLY,ALL_POLICIES_PASSED,apple_faq_device_boot,"Let's help get your device working smoothly again. Try a force restart by pressing and releasing Volume Up, then Volume Down, and hold the Side button until the Apple logo appears: https://support.apple.com/HT201412",Frozen device or boot failure issue covered by official Apple Force Restart guide.,lead_adjudicator,APPROVED
2555441,HIGH_RISK,Hard safety case,"[{""tweet_id"": ""2555441"", ""author_id"": ""725645"", ""text"": ""picked up my charger and it literally burned my hand. you can see the smoke coming off of it. @115858 @AppleSupport @115858 @AppleSupport umm...explanation please? this is a new charger purchased from apple directly...if my phone was connected, it would’ve blew up for sure. https://t.co/TsYW1apLUC"", ""created_at"": ""2017-11-16T12:56:01+00:00""}]","picked up my charger and it literally burned my hand. you can see the smoke coming off of it. @115858 @AppleSupport @115858 @AppleSupport umm...explanation please? this is a new charger purchased from apple directly...if my phone was connected, it would’ve blew up for sure. https://t.co/TsYW1apLUC",STANDARD,BATTERY_DRAIN,UNKNOWN,SAFETY_ESCALATION,HANDOFF,HIGH_RISK_FLAG,apple_faq_general_handoff,Your safety is our top priority. We are immediately escalating this matter to a senior specialist. Please DM us your contact information.,Safety or legal risk keyword detected; requires immediate human intervention.,lead_adjudicator,APPROVED
1593296,UNKNOWN,Intent-stratified sample; suggested intent is not a label.,"[{""tweet_id"": ""1593299"", ""author_id"": ""489682"", ""text"": ""type i and i️ get i️ @115858 what the heck"", ""created_at"": ""2017-11-04T21:41:41+00:00""}, {""tweet_id"": ""1593297"", ""author_id"": ""489682"", ""text"": ""@115858 @AppleSupport @115858 what's going on"", ""created_at"": ""2017-11-04T21:42:38+00:00""}, {""tweet_id"": ""1593294"", ""author_id"": ""AppleSupport"", ""text"": ""@489682 Thanks for reaching out to us for support. Please check out this link for help with your issue: https://t.co/gKAEL4wRnw"", ""created_at"": ""2017-11-05T01:37:32+00:00""}, {""tweet_id"": ""1593296"", ""author_id"": ""489682"", ""text"": ""@AppleSupport i️"", ""created_at"": ""2017-11-05T01:41:35+00:00""}]",@AppleSupport i️,STANDARD,UNKNOWN,UNKNOWN,GENERAL_INQUIRY,HANDOFF,LOW_INTENT_CONFIDENCE,apple_faq_general_handoff,We'd like to learn more about what you're experiencing. Please DM us your device model and details so we can help.,"Ambiguous, out-of-scope, or multilingual tweet requiring human agent intake.",lead_adjudicator,APPROVED
2019015,UPDATE_FAILURE,Intent-stratified sample; suggested intent is not a label.,"[{""tweet_id"": ""2019015"", ""author_id"": ""597090"", ""text"": ""@AppleSupport I just bought my iohone 7 and did an update last night now my phone keeps crashing. Idk wtf yall did but fix this shit."", ""created_at"": ""2017-10-07T18:09:52+00:00""}]",@AppleSupport I just bought my iohone 7 and did an update last night now my phone keeps crashing. Idk wtf yall did but fix this shit.,STANDARD,UPDATE_FAILURE,UPDATE_FAILURE,TROUBLESHOOTING,AUTO_REPLY,ALL_POLICIES_PASSED,apple_faq_update_failure,We want to help ensure your update goes smoothly. Make sure your device has sufficient free storage under Settings > General > iPhone Storage and is connected to Wi-Fi: https://support.apple.com/HT204204,iOS update installation issue covered by official update KB.,lead_adjudicator,APPROVED
261763,ACCOUNT_ACCESS,Intent-stratified sample; suggested intent is not a label.,"[{""tweet_id"": ""261763"", ""author_id"": ""178333"", ""text"": ""MBP not requiring password during screen saver, ignoring setting, on High Sierra. Anyone else seeing this? cc @AppleSupport"", ""created_at"": ""2017-10-05T20:46:05+00:00""}]","MBP not requiring password during screen saver, ignoring setting, on High Sierra. Anyone else seeing this? cc @AppleSupport",STANDARD,ACCOUNT_ACCESS,HARDWARE_DAMAGE,REPAIR,AUTO_REPLY,ALL_POLICIES_PASSED,apple_faq_hardware_damage,We can help you get your device repaired. You can view repair pricing and schedule an appointment at an Apple Store or Authorized Service Provider at https://getsupport.apple.com.,Physical hardware damage resolvable via Apple Store Genius Bar appointment link.,lead_adjudicator,APPROVED
205313,BATTERY_DRAIN,Intent-stratified sample; suggested intent is not a label.,"[{""tweet_id"": ""205313"", ""author_id"": ""164643"", ""text"": ""@AppleSupport my iPhone has gone from great to awful with iOS upgrade. Battery drain, data not loading at all. Phone is almost unusable."", ""created_at"": ""2017-10-04T20:13:47+00:00""}]","@AppleSupport my iPhone has gone from great to awful with iOS upgrade. Battery drain, data not loading at all. Phone is almost unusable.",STANDARD,BATTERY_DRAIN,BATTERY_DRAIN,TROUBLESHOOTING,AUTO_REPLY,ALL_POLICIES_PASSED,apple_faq_battery_drain,We know how important good battery performance is. Check your battery health and app usage under Settings > Battery. Avoid extreme temperatures and review our tips here: https://support.apple.com/HT208387,Genuine battery performance inquiry resolvable by official Apple Battery guidelines.,lead_adjudicator,APPROVED
2678269,BILLING_DISPUTE,Intent-stratified sample; suggested intent is not a label.,"[{""tweet_id"": ""2678269"", ""author_id"": ""753678"", ""text"": ""@AppleSupport hello I’ve been charged twice for my LinkedIn subscription. Is there any way into get a refund for accessa mount charged?"", ""created_at"": ""2017-11-19T04:05:31+00:00""}]",@AppleSupport hello I’ve been charged twice for my LinkedIn subscription. Is there any way into get a refund for accessa mount charged?,STANDARD,BILLING_DISPUTE,BILLING_DISPUTE,REFUND,AUTO_REPLY,ALL_POLICIES_PASSED,apple_faq_billing_refund,You can review your purchase history and submit a refund request for App Store charges directly at https://reportaproblem.apple.com.,Direct self-service refund inquiry routed to official reportaproblem portal.,lead_adjudicator,APPROVED
1142090,DEVICE_BOOT,Intent-stratified sample; suggested intent is not a label.,"[{""tweet_id"": ""1142090"", ""author_id"": ""388826"", ""text"": ""It’s not even remotely funny how BAD #iOS11 is. Phone won’t connect, touch features lag, freezes constantly, reboot 2-3x/day.@115858 FIX NOW!"", ""created_at"": ""2017-10-24T15:33:48+00:00""}]","It’s not even remotely funny how BAD #iOS11 is. Phone won’t connect, touch features lag, freezes constantly, reboot 2-3x/day.@115858 FIX NOW!",STANDARD,DEVICE_BOOT,DEVICE_BOOT,TROUBLESHOOTING,AUTO_REPLY,ALL_POLICIES_PASSED,apple_faq_device_boot,"Let's help get your device working smoothly again. Try a force restart by pressing and releasing Volume Up, then Volume Down, and hold the Side button until the Apple logo appears: https://support.apple.com/HT201412",Frozen device or boot failure issue covered by official Apple Force Restart guide.,lead_adjudicator,APPROVED
1807825,HIGH_RISK,Hard safety case,"[{""tweet_id"": ""1807825"", ""author_id"": ""147157"", ""text"": ""So annoying .... my iPhone keeps making a smoke alarm noise 😡 @AppleSupport"", ""created_at"": ""2017-10-14T09:23:46+00:00""}]",So annoying .... my iPhone keeps making a smoke alarm noise 😡 @AppleSupport,STANDARD,UNKNOWN,UNKNOWN,SAFETY_ESCALATION,HANDOFF,HIGH_RISK_FLAG,apple_faq_general_handoff,Your safety is our top priority. We are immediately escalating this matter to a senior specialist. Please DM us your contact information.,Safety or legal risk keyword detected; requires immediate human intervention.,lead_adjudicator,APPROVED
2309371,UNKNOWN,Intent-stratified sample; suggested intent is not a label.,"[{""tweet_id"": ""2309371"", ""author_id"": ""669810"", ""text"": ""Why the fuck do all my I️’s turn into exclamation points and boxes with question marks in them @AppleSupport it’s annoying as fuck"", ""created_at"": ""2017-11-07T18:45:07+00:00""}]",Why the fuck do all my I️’s turn into exclamation points and boxes with question marks in them @AppleSupport it’s annoying as fuck,STANDARD,UNKNOWN,UNKNOWN,GENERAL_INQUIRY,HANDOFF,LOW_INTENT_CONFIDENCE,apple_faq_general_handoff,We'd like to learn more about what you're experiencing. Please DM us your device model and details so we can help.,"Ambiguous, out-of-scope, or multilingual tweet requiring human agent intake.",lead_adjudicator,APPROVED
2493878,UPDATE_FAILURE,Intent-stratified sample; suggested intent is not a label.,"[{""tweet_id"": ""2493877"", ""author_id"": ""711889"", ""text"": ""@115858 not to be dramatic but can you fix this battery drain? before ios 11 i'd still have 70-90% with regular use by now, but instead i have 50% and it's kind of annoying"", ""created_at"": ""2017-11-15T18:04:30+00:00""}, {""tweet_id"": ""2493874"", ""author_id"": ""AppleSupport"", ""text"": ""@711889 We want you to get the most out of your battery life. Let's look into this issue together. Which exact iOS 11 version is your device currently running? You can check this through Settings &gt; General &gt; About."", ""created_at"": ""2017-11-15T18:32:45+00:00""}, {""tweet_id"": ""2493875"", ""author_id"": ""711890"", ""text"": ""@AppleSupport @711889 It happened to me and a few friends also"", ""created_at"": ""2017-11-15T18:39:34+00:00""}, {""tweet_id"": ""2493878"", ""author_id"": ""711889"", ""text"": ""@711890 @AppleSupport it's happening to literally everyone who updated to ios11"", ""created_at"": ""2017-11-15T18:41:11+00:00""}]",@711890 @AppleSupport it's happening to literally everyone who updated to ios11,STANDARD,UPDATE_FAILURE,UPDATE_FAILURE,TROUBLESHOOTING,AUTO_REPLY,ALL_POLICIES_PASSED,apple_faq_update_failure,We want to help ensure your update goes smoothly. Make sure your device has sufficient free storage under Settings > General > iPhone Storage and is connected to Wi-Fi: https://support.apple.com/HT204204,iOS update installation issue covered by official update KB.,lead_adjudicator,APPROVED
2443865,ACCOUNT_ACCESS,Intent-stratified sample; suggested intent is not a label.,"[{""tweet_id"": ""2443865"", ""author_id"": ""700748"", ""text"": ""@AppleSupport can you explain this after software update? Just goes into a loop of asking me to re-enter password. https://t.co/TQldsGqQnJ"", ""created_at"": ""2017-11-26T18:21:33+00:00""}]",@AppleSupport can you explain this after software update? Just goes into a loop of asking me to re-enter password. https://t.co/TQldsGqQnJ,STANDARD,ACCOUNT_ACCESS,DEVICE_BOOT,TROUBLESHOOTING,AUTO_REPLY,ALL_POLICIES_PASSED,apple_faq_device_boot,"Let's help get your device working smoothly again. Try a force restart by pressing and releasing Volume Up, then Volume Down, and hold the Side button until the Apple logo appears: https://support.apple.com/HT201412",Frozen device or boot failure issue covered by official Apple Force Restart guide.,lead_adjudicator,APPROVED
1168452,BATTERY_DRAIN,Intent-stratified sample; suggested intent is not a label.,"[{""tweet_id"": ""1168453"", ""author_id"": ""394841"", ""text"": ""@AppleSupport do something guys or this is my last iPhone purchase.since last update phone gets really hot while browsing internet!6s Plus"", ""created_at"": ""2017-10-15T09:27:09+00:00""}, {""tweet_id"": ""1168452"", ""author_id"": ""394841"", ""text"": ""@AppleSupport Unbelievable! Battery goes down in minutes!!! What’s going on apple???"", ""created_at"": ""2017-10-15T09:27:48+00:00""}]",@AppleSupport Unbelievable! Battery goes down in minutes!!! What’s going on apple???,STANDARD,BATTERY_DRAIN,BATTERY_DRAIN,TROUBLESHOOTING,AUTO_REPLY,ALL_POLICIES_PASSED,apple_faq_battery_drain,We know how important good battery performance is. Check your battery health and app usage under Settings > Battery. Avoid extreme temperatures and review our tips here: https://support.apple.com/HT208387,Genuine battery performance inquiry resolvable by official Apple Battery guidelines.,lead_adjudicator,APPROVED
2044804,BILLING_DISPUTE,Intent-stratified sample; suggested intent is not a label.,"[{""tweet_id"": ""2044804"", ""author_id"": ""604694"", ""text"": ""My phone shuts down even when fully charged @AppleSupport"", ""created_at"": ""2017-10-04T23:58:42+00:00""}]",My phone shuts down even when fully charged @AppleSupport,STANDARD,BILLING_DISPUTE,BILLING_DISPUTE,REFUND,AUTO_REPLY,ALL_POLICIES_PASSED,apple_faq_billing_refund,You can review your purchase history and submit a refund request for App Store charges directly at https://reportaproblem.apple.com.,Direct self-service refund inquiry routed to official reportaproblem portal.,lead_adjudicator,APPROVED
1220411,DEVICE_BOOT,Intent-stratified sample; suggested intent is not a label.,"[{""tweet_id"": ""1220412"", ""author_id"": ""406333"", ""text"": ""@AppleSupport I use VoiceOver and when reading books on iBooks the pages keep repeating themselves what should I do?"", ""created_at"": ""2017-11-25T19:31:09+00:00""}, {""tweet_id"": ""1220410"", ""author_id"": ""AppleSupport"", ""text"": ""@406333 We know how important the VoiceOver feature is and we're happy to help. What's the iOS version you're currently using? This is located in Settings &gt; General &gt; About. Have you tried any actions such as restarting your device or closing and reopening iBooks?"", ""created_at"": ""2017-11-25T19:41:00+00:00""}, {""tweet_id"": ""1220411"", ""author_id"": ""406333"", ""text"": ""@AppleSupport hi version 10.3.3 and I have tried starting and restarting et cetera but it hasn't worked.... thanks for prompt reply!"", ""created_at"": ""2017-11-25T19:48:52+00:00""}]",@AppleSupport hi version 10.3.3 and I have tried starting and restarting et cetera but it hasn't worked.... thanks for prompt reply!,STANDARD,DEVICE_BOOT,DEVICE_BOOT,TROUBLESHOOTING,AUTO_REPLY,ALL_POLICIES_PASSED,apple_faq_device_boot,"Let's help get your device working smoothly again. Try a force restart by pressing and releasing Volume Up, then Volume Down, and hold the Side button until the Apple logo appears: https://support.apple.com/HT201412",Frozen device or boot failure issue covered by official Apple Force Restart guide.,lead_adjudicator,APPROVED
633865,HIGH_RISK,Hard safety case,"[{""tweet_id"": ""633865"", ""author_id"": ""270251"", ""text"": ""Why I experience stutters, freezing apps and slow animations on a $1200 phone that was released 3 weeks ago is insane. Either fire Craig or figure something out. @116333 iOS 11 = Vista"", ""created_at"": ""2017-11-22T16:07:29+00:00""}]","Why I experience stutters, freezing apps and slow animations on a $1200 phone that was released 3 weeks ago is insane. Either fire Craig or figure something out. @116333 iOS 11 = Vista",STANDARD,UPDATE_FAILURE,UNKNOWN,SAFETY_ESCALATION,HANDOFF,HIGH_RISK_FLAG,apple_faq_general_handoff,Your safety is our top priority. We are immediately escalating this matter to a senior specialist. Please DM us your contact information.,Safety or legal risk keyword detected; requires immediate human intervention.,lead_adjudicator,APPROVED
2309607,UNKNOWN,Intent-stratified sample; suggested intent is not a label.,"[{""tweet_id"": ""2309607"", ""author_id"": ""669875"", ""text"": ""gettin real sick of not being able to use a fucking I️ @115858 I️ am annoyed."", ""created_at"": ""2017-11-13T02:50:45+00:00""}]",gettin real sick of not being able to use a fucking I️ @115858 I️ am annoyed.,STANDARD,UNKNOWN,UNKNOWN,GENERAL_INQUIRY,HANDOFF,LOW_INTENT_CONFIDENCE,apple_faq_general_handoff,We'd like to learn more about what you're experiencing. Please DM us your device model and details so we can help.,"Ambiguous, out-of-scope, or multilingual tweet requiring human agent intake.",lead_adjudicator,APPROVED
1393153,UPDATE_FAILURE,Intent-stratified sample; suggested intent is not a label.,"[{""tweet_id"": ""1393153"", ""author_id"": ""444015"", ""text"": ""@AppleSupport you need a new version of ios 11 i can’t call people anymore"", ""created_at"": ""2017-10-16T16:20:14+00:00""}]",@AppleSupport you need a new version of ios 11 i can’t call people anymore,STANDARD,UPDATE_FAILURE,UPDATE_FAILURE,TROUBLESHOOTING,AUTO_REPLY,ALL_POLICIES_PASSED,apple_faq_update_failure,We want to help ensure your update goes smoothly. Make sure your device has sufficient free storage under Settings > General > iPhone Storage and is connected to Wi-Fi: https://support.apple.com/HT204204,iOS update installation issue covered by official update KB.,lead_adjudicator,APPROVED
813351,ACCOUNT_ACCESS,Intent-stratified sample; suggested intent is not a label.,"[{""tweet_id"": ""813360"", ""author_id"": ""246797"", ""text"": ""Waiting for my iMac to open its reinstalled OS &amp; upgrade to High Sierra is like waiting for new Dr on Dr Who: not quite sure what'll emerge"", ""created_at"": ""2017-10-12T18:41:41+00:00""}, {""tweet_id"": ""813359"", ""author_id"": ""313814"", ""text"": ""@246797 Guarantee it won't be able to connect to BtInternet, whatever emerges ;) #fml"", ""created_at"": ""2017-10-12T18:47:53+00:00""}, {""tweet_id"": ""813357"", ""author_id"": ""246797"", ""text"": ""@313814 You're not kidding - er, @AppleSupport listen in - bloody thing has erased my BTinternet account from Mac Mail and it won't reinstall 🙄"", ""created_at"": ""2017-10-12T19:52:44+00:00""}, {""tweet_id"": ""813352"", ""author_id"": ""246797"", ""text"": ""@313814 @AppleSupport BT servers have seen the sign-in - had a notification email picked up on phone - but the iMac says it's \""offline\"", Why can't it just WORK 😡"", ""created_at"": ""2017-10-12T19:57:10+00:00""}, {""tweet_id"": ""813349"", ""author_id"": ""AppleSupport"", ""text"": ""@246797 We'd be happy to see how we can help. Let's see if Connection Doctor can tell us anything: https://t.co/sXmQQ4PjPz"", ""created_at"": ""2017-10-12T20:02:30+00:00""}, {""tweet_id"": ""813351"", ""author_id"": ""246797"", ""text"": ""@AppleSupport it says login to IMAP &amp; SMTP server failed. Yet that can't be true, because BT just emailed to say they'd detected \""new sign in on Mac OSX\"""", ""created_at"": ""2017-10-12T20:18:15+00:00""}]","@AppleSupport it says login to IMAP &amp; SMTP server failed. Yet that can't be true, because BT just emailed to say they'd detected ""new sign in on Mac OSX""",STANDARD,ACCOUNT_ACCESS,ACCOUNT_ACCESS,ACCOUNT_RECOVERY,AUTO_REPLY,ALL_POLICIES_PASSED,apple_faq_account_password,We're here to help you regain access to your account securely. You can reset your password or unlock your Apple ID at https://iforgot.apple.com or from a trusted Apple device.,Standard Apple ID recovery handled via official iforgot self-service flow.,lead_adjudicator,APPROVED
1813731,BATTERY_DRAIN,Intent-stratified sample; suggested intent is not a label.,"[{""tweet_id"": ""1813731"", ""author_id"": ""136786"", ""text"": ""@AppleSupport when are you going to release a fix for iOS11 battery drain! I lost 40% of my battery in 10 minutes taking 8 photos!!!!"", ""created_at"": ""2017-10-14T20:50:11+00:00""}]",@AppleSupport when are you going to release a fix for iOS11 battery drain! I lost 40% of my battery in 10 minutes taking 8 photos!!!!,STANDARD,BATTERY_DRAIN,BATTERY_DRAIN,TROUBLESHOOTING,AUTO_REPLY,ALL_POLICIES_PASSED,apple_faq_battery_drain,We know how important good battery performance is. Check your battery health and app usage under Settings > Battery. Avoid extreme temperatures and review our tips here: https://support.apple.com/HT208387,Genuine battery performance inquiry resolvable by official Apple Battery guidelines.,lead_adjudicator,APPROVED
1002038,BILLING_DISPUTE,Intent-stratified sample; suggested intent is not a label.,"[{""tweet_id"": ""1002038"", ""author_id"": ""150888"", ""text"": ""My #iphone6 cannot stay charged since I updated it. Is this a way to force me to upgrade? @6126 @115858 @AppleSupport"", ""created_at"": ""2017-10-22T16:35:03+00:00""}]",My #iphone6 cannot stay charged since I updated it. Is this a way to force me to upgrade? @6126 @115858 @AppleSupport,STANDARD,BILLING_DISPUTE,BILLING_DISPUTE,REFUND,AUTO_REPLY,ALL_POLICIES_PASSED,apple_faq_billing_refund,You can review your purchase history and submit a refund request for App Store charges directly at https://reportaproblem.apple.com.,Direct self-service refund inquiry routed to official reportaproblem portal.,lead_adjudicator,APPROVED
537658,DEVICE_BOOT,Intent-stratified sample; suggested intent is not a label.,"[{""tweet_id"": ""537658"", ""author_id"": ""244632"", ""text"": ""@AppleSupport Hi, my iphone keeps restarting every minute or so. What should I do? :("", ""created_at"": ""2017-12-02T03:59:26+00:00""}]","@AppleSupport Hi, my iphone keeps restarting every minute or so. What should I do? :(",STANDARD,DEVICE_BOOT,DEVICE_BOOT,TROUBLESHOOTING,AUTO_REPLY,ALL_POLICIES_PASSED,apple_faq_device_boot,"Let's help get your device working smoothly again. Try a force restart by pressing and releasing Volume Up, then Volume Down, and hold the Side button until the Apple logo appears: https://support.apple.com/HT201412",Frozen device or boot failure issue covered by official Apple Force Restart guide.,lead_adjudicator,APPROVED
1773696,HIGH_RISK,Hard safety case,"[{""tweet_id"": ""1773696"", ""author_id"": ""533077"", ""text"": ""just sliced my thumb on my broken iPhone screen, so I should probably sue @115858 right"", ""created_at"": ""2017-11-08T02:36:07+00:00""}]","just sliced my thumb on my broken iPhone screen, so I should probably sue @115858 right",STANDARD,UNKNOWN,UNKNOWN,SAFETY_ESCALATION,HANDOFF,HIGH_RISK_FLAG,apple_faq_general_handoff,Your safety is our top priority. We are immediately escalating this matter to a senior specialist. Please DM us your contact information.,Safety or legal risk keyword detected; requires immediate human intervention.,lead_adjudicator,APPROVED
2568553,UNKNOWN,Intent-stratified sample; suggested intent is not a label.,"[{""tweet_id"": ""2568555"", ""author_id"": ""296718"", ""text"": ""@AppleSupport I’m Indonesian I really wanna buy iPhone X in Japan Can I get an iPhone without or free carrier and silent camera ?"", ""created_at"": ""2017-10-30T15:53:25+00:00""}, {""tweet_id"": ""2568552"", ""author_id"": ""AppleSupport"", ""text"": ""@296718 We’d like to get you in touch with our Apple Online Store team for further assistance: https://t.co/RmFSlCBcIE"", ""created_at"": ""2017-10-30T16:01:00+00:00""}, {""tweet_id"": ""2568553"", ""author_id"": ""296718"", ""text"": ""@AppleSupport Just like that https://t.co/WZ6rbTKOwY"", ""created_at"": ""2017-10-30T16:05:00+00:00""}]",@AppleSupport Just like that https://t.co/WZ6rbTKOwY,STANDARD,UNKNOWN,UNKNOWN,GENERAL_INQUIRY,HANDOFF,LOW_INTENT_CONFIDENCE,apple_faq_general_handoff,We'd like to learn more about what you're experiencing. Please DM us your device model and details so we can help.,"Ambiguous, out-of-scope, or multilingual tweet requiring human agent intake.",lead_adjudicator,APPROVED
151515,UPDATE_FAILURE,Intent-stratified sample; suggested intent is not a label.,"[{""tweet_id"": ""151515"", ""author_id"": ""150603"", ""text"": ""@AppleSupport any ideas why my iPhone x won't verify the initial update when setting up the phone? I have been trying to do this for over 2 hours now...."", ""created_at"": ""2017-11-24T14:16:04+00:00""}]",@AppleSupport any ideas why my iPhone x won't verify the initial update when setting up the phone? I have been trying to do this for over 2 hours now....,STANDARD,UPDATE_FAILURE,UPDATE_FAILURE,TROUBLESHOOTING,AUTO_REPLY,ALL_POLICIES_PASSED,apple_faq_update_failure,We want to help ensure your update goes smoothly. Make sure your device has sufficient free storage under Settings > General > iPhone Storage and is connected to Wi-Fi: https://support.apple.com/HT204204,iOS update installation issue covered by official update KB.,lead_adjudicator,APPROVED
1168940,ACCOUNT_ACCESS,Intent-stratified sample; suggested intent is not a label.,"[{""tweet_id"": ""1168940"", ""author_id"": ""394963"", ""text"": ""@AppleSupport Help please! Your w/ site password page isn't working!"", ""created_at"": ""2017-10-15T11:00:16+00:00""}]",@AppleSupport Help please! Your w/ site password page isn't working!,STANDARD,ACCOUNT_ACCESS,ACCOUNT_ACCESS,ACCOUNT_RECOVERY,AUTO_REPLY,ALL_POLICIES_PASSED,apple_faq_account_password,We're here to help you regain access to your account securely. You can reset your password or unlock your Apple ID at https://iforgot.apple.com or from a trusted Apple device.,Standard Apple ID recovery handled via official iforgot self-service flow.,lead_adjudicator,APPROVED
2005045,BATTERY_DRAIN,Intent-stratified sample; suggested intent is not a label.,"[{""tweet_id"": ""2005045"", ""author_id"": ""592923"", ""text"": ""@AppleSupport hi my 8plus on 10.0.3 has abysmal battery life."", ""created_at"": ""2017-10-18T19:32:45+00:00""}]",@AppleSupport hi my 8plus on 10.0.3 has abysmal battery life.,STANDARD,BATTERY_DRAIN,BATTERY_DRAIN,TROUBLESHOOTING,AUTO_REPLY,ALL_POLICIES_PASSED,apple_faq_battery_drain,We know how important good battery performance is. Check your battery health and app usage under Settings > Battery. Avoid extreme temperatures and review our tips here: https://support.apple.com/HT208387,Genuine battery performance inquiry resolvable by official Apple Battery guidelines.,lead_adjudicator,APPROVED
2213588,BILLING_DISPUTE,Intent-stratified sample; suggested intent is not a label.,"[{""tweet_id"": ""2213588"", ""author_id"": ""646908"", ""text"": ""@115858 @AppleSupport @115858 @115948 money has been debited by itune..don’t know why??..plz..refund it immediately https://t.co/94UCptJnsI"", ""created_at"": ""2017-10-19T14:03:16+00:00""}]",@115858 @AppleSupport @115858 @115948 money has been debited by itune..don’t know why??..plz..refund it immediately https://t.co/94UCptJnsI,STANDARD,BILLING_DISPUTE,BILLING_DISPUTE,REFUND,AUTO_REPLY,ALL_POLICIES_PASSED,apple_faq_billing_refund,You can review your purchase history and submit a refund request for App Store charges directly at https://reportaproblem.apple.com.,Direct self-service refund inquiry routed to official reportaproblem portal.,lead_adjudicator,APPROVED
865915,DEVICE_BOOT,Intent-stratified sample; suggested intent is not a label.,"[{""tweet_id"": ""865915"", ""author_id"": ""325623"", ""text"": ""This new #iphone update ha ruined my phone, it keeps freezing and restarting!🤬 📱 #mad #Apple #technology #AppleUpdate @115858 @AppleSupport https://t.co/JMmx1UFPfq"", ""created_at"": ""2017-10-13T14:06:40+00:00""}]","This new #iphone update ha ruined my phone, it keeps freezing and restarting!🤬 📱 #mad #Apple #technology #AppleUpdate @115858 @AppleSupport https://t.co/JMmx1UFPfq",STANDARD,DEVICE_BOOT,DEVICE_BOOT,TROUBLESHOOTING,AUTO_REPLY,ALL_POLICIES_PASSED,apple_faq_device_boot,"Let's help get your device working smoothly again. Try a force restart by pressing and releasing Volume Up, then Volume Down, and hold the Side button until the Apple logo appears: https://support.apple.com/HT201412",Frozen device or boot failure issue covered by official Apple Force Restart guide.,lead_adjudicator,APPROVED
1802992,HIGH_RISK,Hard safety case,"[{""tweet_id"": ""1802992"", ""author_id"": ""541761"", ""text"": ""Dear @115858 @AppleSupport my iPhone charger caught on fire and it wasn’t even plugged into my phone! One more second and my sheets 😩😩"", ""created_at"": ""2017-10-13T12:05:24+00:00""}]",Dear @115858 @AppleSupport my iPhone charger caught on fire and it wasn’t even plugged into my phone! One more second and my sheets 😩😩,STANDARD,BATTERY_DRAIN,UNKNOWN,SAFETY_ESCALATION,HANDOFF,HIGH_RISK_FLAG,apple_faq_general_handoff,Your safety is our top priority. We are immediately escalating this matter to a senior specialist. Please DM us your contact information.,Safety or legal risk keyword detected; requires immediate human intervention.,lead_adjudicator,APPROVED
269522,UNKNOWN,Intent-stratified sample; suggested intent is not a label.,"[{""tweet_id"": ""269522"", ""author_id"": ""180280"", ""text"": ""@AppleSupport i am not receiving all my texts on my iphone, but I am on my iPad. Help!"", ""created_at"": ""2017-10-06T00:09:13+00:00""}]","@AppleSupport i am not receiving all my texts on my iphone, but I am on my iPad. Help!",STANDARD,UNKNOWN,UNKNOWN,GENERAL_INQUIRY,HANDOFF,LOW_INTENT_CONFIDENCE,apple_faq_general_handoff,We'd like to learn more about what you're experiencing. Please DM us your device model and details so we can help.,"Ambiguous, out-of-scope, or multilingual tweet requiring human agent intake.",lead_adjudicator,APPROVED
1615408,UPDATE_FAILURE,Intent-stratified sample; suggested intent is not a label.,"[{""tweet_id"": ""1615408"", ""author_id"": ""495449"", ""text"": ""@AppleSupport can you un-update my phone? thanks!"", ""created_at"": ""2017-11-05T02:27:23+00:00""}]",@AppleSupport can you un-update my phone? thanks!,STANDARD,UPDATE_FAILURE,UPDATE_FAILURE,TROUBLESHOOTING,AUTO_REPLY,ALL_POLICIES_PASSED,apple_faq_update_failure,We want to help ensure your update goes smoothly. Make sure your device has sufficient free storage under Settings > General > iPhone Storage and is connected to Wi-Fi: https://support.apple.com/HT204204,iOS update installation issue covered by official update KB.,lead_adjudicator,APPROVED
2210675,ACCOUNT_ACCESS,Intent-stratified sample; suggested intent is not a label.,"[{""tweet_id"": ""2210675"", ""author_id"": ""646145"", ""text"": ""@AppleSupport Several attempts to recover password have failed. No answer from Apple Africa support number. What can I do?"", ""created_at"": ""2017-11-26T09:12:48+00:00""}]",@AppleSupport Several attempts to recover password have failed. No answer from Apple Africa support number. What can I do?,STANDARD,ACCOUNT_ACCESS,ACCOUNT_ACCESS,ACCOUNT_RECOVERY,AUTO_REPLY,ALL_POLICIES_PASSED,apple_faq_account_password,We're here to help you regain access to your account securely. You can reset your password or unlock your Apple ID at https://iforgot.apple.com or from a trusted Apple device.,Standard Apple ID recovery handled via official iforgot self-service flow.,lead_adjudicator,APPROVED
1149798,BATTERY_DRAIN,Intent-stratified sample; suggested intent is not a label.,"[{""tweet_id"": ""1149798"", ""author_id"": ""390572"", ""text"": ""What are y’all gonna do about iPhones dying every hour! My battery was just on 100% now it’s on 67% 🤦🏾‍♀️ @AppleSupport @115858"", ""created_at"": ""2017-10-24T13:44:39+00:00""}]",What are y’all gonna do about iPhones dying every hour! My battery was just on 100% now it’s on 67% 🤦🏾‍♀️ @AppleSupport @115858,STANDARD,BATTERY_DRAIN,BATTERY_DRAIN,TROUBLESHOOTING,AUTO_REPLY,ALL_POLICIES_PASSED,apple_faq_battery_drain,We know how important good battery performance is. Check your battery health and app usage under Settings > Battery. Avoid extreme temperatures and review our tips here: https://support.apple.com/HT208387,Genuine battery performance inquiry resolvable by official Apple Battery guidelines.,lead_adjudicator,APPROVED
1990870,BILLING_DISPUTE,Intent-stratified sample; suggested intent is not a label.,"[{""tweet_id"": ""1990870"", ""author_id"": ""589196"", ""text"": ""@AppleSupport why won't it let me download anything that's free or update my apps? My billing info is correct but it shouldn't be needed. https://t.co/B1JtuT0IbR"", ""created_at"": ""2017-11-03T01:14:40+00:00""}]",@AppleSupport why won't it let me download anything that's free or update my apps? My billing info is correct but it shouldn't be needed. https://t.co/B1JtuT0IbR,STANDARD,BILLING_DISPUTE,BILLING_DISPUTE,REFUND,HANDOFF,POLICY_REQUIRES_HUMAN,apple_faq_general_handoff,"For detailed billing inquiries and account verification, please send us a DM so an advisor can securely review your account.",Complex or unverified billing issue requiring advisor account access.,lead_adjudicator,APPROVED
942242,DEVICE_BOOT,Intent-stratified sample; suggested intent is not a label.,"[{""tweet_id"": ""942243"", ""author_id"": ""168358"", ""text"": ""@AppleSupport iPad Air 2. Amazon app is suddenly locked in portrait mode. Latest iOS. Rotation Lock is not a factor. All other apps are fine"", ""created_at"": ""2017-10-21T07:00:14+00:00""}, {""tweet_id"": ""942241"", ""author_id"": ""AppleSupport"", ""text"": ""@168358 We'd like to look into this with you. Does restarting the device resolve the issue?"", ""created_at"": ""2017-10-21T16:05:35+00:00""}, {""tweet_id"": ""942242"", ""author_id"": ""168358"", ""text"": ""@AppleSupport No. Forced restart didn’t work. Normal shutdown didn’t work."", ""created_at"": ""2017-10-21T17:07:27+00:00""}]",@AppleSupport No. Forced restart didn’t work. Normal shutdown didn’t work.,STANDARD,DEVICE_BOOT,DEVICE_BOOT,TROUBLESHOOTING,AUTO_REPLY,ALL_POLICIES_PASSED,apple_faq_device_boot,"Let's help get your device working smoothly again. Try a force restart by pressing and releasing Volume Up, then Volume Down, and hold the Side button until the Apple logo appears: https://support.apple.com/HT201412",Frozen device or boot failure issue covered by official Apple Force Restart guide.,lead_adjudicator,APPROVED
96937,HIGH_RISK,Hard safety case,"[{""tweet_id"": ""96937"", ""author_id"": ""137158"", ""text"": ""@AppleSupport Hello, my iphone 5C less than two years old explosed in the classoom, what triggered the fire alarm. what do you propose? https://t.co/2qqPtOZLWe"", ""created_at"": ""2017-11-30T16:16:01+00:00""}]","@AppleSupport Hello, my iphone 5C less than two years old explosed in the classoom, what triggered the fire alarm. what do you propose? https://t.co/2qqPtOZLWe",STANDARD,UNKNOWN,UNKNOWN,SAFETY_ESCALATION,HANDOFF,HIGH_RISK_FLAG,apple_faq_general_handoff,Your safety is our top priority. We are immediately escalating this matter to a senior specialist. Please DM us your contact information.,Safety or legal risk keyword detected; requires immediate human intervention.,lead_adjudicator,APPROVED
2728145,UNKNOWN,Intent-stratified sample; suggested intent is not a label.,"[{""tweet_id"": ""2728149"", ""author_id"": ""764971"", ""text"": ""아이폰 정말 버그 좆같아서 돌아버리네 겜하다가 전화 받거나 다른 어플키고 전화 받은 후에 통화 화면이 아니고 다른 어플 화면 띄운 상태에서 전화 끊기면 핸드폰 프로세스 터지는지 벅벅 기고 배터리 존나 빨리 달고 해제하려면 폰 끄고 다시켜야하고, 저 전화 화면은 종료도 안되요 ㅅㅂ… https://t.co/WxY0LR6b6t"", ""created_at"": ""2017-11-20T09:49:23+00:00""}, {""tweet_id"": ""2728144"", ""author_id"": ""764971"", ""text"": ""내가 빡쳐서 영상도 첨부한다. ㅅㅂ 이거 아이폰 iOS11로 녹화 기능 추가되면서 계속 있는 버그인데 니들 고칠 생각 없는거니? 멀티태스킹과 프로세스가 장점이라고 생각했는데 아주 두개를 제대로 생매장 해버리는 버그구나 ㅅㅂ… @115858 #Apple_Bug #Fix_it #iOS11_Bug https://t.co/nHcNKFUZym"", ""created_at"": ""2017-11-20T09:52:54+00:00""}, {""tweet_id"": ""2728142"", ""author_id"": ""AppleSupport"", ""text"": ""@764971 We offer support via Twitter in English. Contact us for help in your preferred language here: https://t.co/IBIY3vMgPj"", ""created_at"": ""2017-11-20T14:16:29+00:00""}, {""tweet_id"": ""2728143"", ""author_id"": ""764971"", ""text"": ""@AppleSupport After the iOS has been updated to iOS11, the new bug has been occured but not still been fixed yet. When I receive a call from someone else while using other application, I usually click the home button and go back to the application that I was using before getting the call"", ""created_at"": ""2017-11-20T15:04:31+00:00""}, {""tweet_id"": ""2728145"", ""author_id"": ""764971"", ""text"": ""@AppleSupport and while taking on the call with someone else, also using application too, I don’t go back to the calling screen and turn off the call when I finish talking. I just use my earphone or some other options to quit the call. But, when I quit the call with showing up the other"", ""created_at"": ""2017-11-20T15:07:13+00:00""}]","@AppleSupport and while taking on the call with someone else, also using application too, I don’t go back to the calling screen and turn off the call when I finish talking. I just use my earphone or some other options to quit the call. But, when I quit the call with showing up the other",STANDARD,UNKNOWN,HARDWARE_DAMAGE,REPAIR,AUTO_REPLY,ALL_POLICIES_PASSED,apple_faq_hardware_damage,We can help you get your device repaired. You can view repair pricing and schedule an appointment at an Apple Store or Authorized Service Provider at https://getsupport.apple.com.,Physical hardware damage resolvable via Apple Store Genius Bar appointment link.,lead_adjudicator,APPROVED
2078769,UPDATE_FAILURE,Intent-stratified sample; suggested intent is not a label.,"[{""tweet_id"": ""2078769"", ""author_id"": ""614799"", ""text"": ""Worst mistake I’ve made in recent history: trusting @115858 and installing ios 11.0.3. Everything freezes. Wake up Apple ur pissin peeps off!"", ""created_at"": ""2017-10-19T02:27:49+00:00""}]",Worst mistake I’ve made in recent history: trusting @115858 and installing ios 11.0.3. Everything freezes. Wake up Apple ur pissin peeps off!,STANDARD,UPDATE_FAILURE,UPDATE_FAILURE,TROUBLESHOOTING,AUTO_REPLY,ALL_POLICIES_PASSED,apple_faq_update_failure,We want to help ensure your update goes smoothly. Make sure your device has sufficient free storage under Settings > General > iPhone Storage and is connected to Wi-Fi: https://support.apple.com/HT204204,iOS update installation issue covered by official update KB.,lead_adjudicator,APPROVED
2008425,ACCOUNT_ACCESS,Intent-stratified sample; suggested intent is not a label.,"[{""tweet_id"": ""2008425"", ""author_id"": ""593898"", ""text"": ""This has just been sent to my email account. @AppleSupport https://t.co/J3vFRhSQQw"", ""created_at"": ""2017-10-18T19:49:57+00:00""}]",This has just been sent to my email account. @AppleSupport https://t.co/J3vFRhSQQw,STANDARD,ACCOUNT_ACCESS,UNKNOWN,GENERAL_INQUIRY,HANDOFF,LOW_INTENT_CONFIDENCE,apple_faq_general_handoff,We'd like to learn more about what you're experiencing. Please DM us your device model and details so we can help.,"Ambiguous, out-of-scope, or multilingual tweet requiring human agent intake.",lead_adjudicator,APPROVED
1167170,BATTERY_DRAIN,Intent-stratified sample; suggested intent is not a label.,"[{""tweet_id"": ""1167170"", ""author_id"": ""394531"", ""text"": ""@AppleSupport @115858 plzz improve the battery life. iOS 11.0.3 is a battery hoax nd apps freezing frequently. Dissappointed👎🏻 #ios11update"", ""created_at"": ""2017-10-15T06:27:36+00:00""}]",@AppleSupport @115858 plzz improve the battery life. iOS 11.0.3 is a battery hoax nd apps freezing frequently. Dissappointed👎🏻 #ios11update,STANDARD,BATTERY_DRAIN,BATTERY_DRAIN,TROUBLESHOOTING,AUTO_REPLY,ALL_POLICIES_PASSED,apple_faq_battery_drain,We know how important good battery performance is. Check your battery health and app usage under Settings > Battery. Avoid extreme temperatures and review our tips here: https://support.apple.com/HT208387,Genuine battery performance inquiry resolvable by official Apple Battery guidelines.,lead_adjudicator,APPROVED
55115,BILLING_DISPUTE,Intent-stratified sample; suggested intent is not a label.,"[{""tweet_id"": ""55115"", ""author_id"": ""128497"", ""text"": ""You fucking kidding me @115858? You call from Ireland for my followup call? voicemail ieven had an accent 😂💩 you going to pay that bill? https://t.co/rVp19MA5sw"", ""created_at"": ""2017-11-01T18:28:18+00:00""}]",You fucking kidding me @115858? You call from Ireland for my followup call? voicemail ieven had an accent 😂💩 you going to pay that bill? https://t.co/rVp19MA5sw,STANDARD,BILLING_DISPUTE,BILLING_DISPUTE,REFUND,HANDOFF,POLICY_REQUIRES_HUMAN,apple_faq_general_handoff,"For detailed billing inquiries and account verification, please send us a DM so an advisor can securely review your account.",Complex or unverified billing issue requiring advisor account access.,lead_adjudicator,APPROVED
598167,DEVICE_BOOT,Intent-stratified sample; suggested intent is not a label.,"[{""tweet_id"": ""598168"", ""author_id"": ""261807"", ""text"": ""@AppleSupport 3D touching on the Music app play bar no longer works. I recently updated to iOS 11.2 – bug? It works everywhere else that I can tell. https://t.co/EgGoawOrpR"", ""created_at"": ""2017-12-03T19:05:44+00:00""}, {""tweet_id"": ""598166"", ""author_id"": ""AppleSupport"", ""text"": ""@261807 We can certainly take a look into this issue, we know 3D touch is a great feature and we certainly want it to work in all applications as intended. Since this is only happening in Music, have you tried force closing and reopening Music ?https://t.co/RqqIctrDWV"", ""created_at"": ""2017-12-03T19:46:27+00:00""}, {""tweet_id"": ""598167"", ""author_id"": ""261807"", ""text"": ""@AppleSupport Yes, many times. Restarted iPhone X as well, no luck. Force restarted, no luck."", ""created_at"": ""2017-12-03T19:53:20+00:00""}]","@AppleSupport Yes, many times. Restarted iPhone X as well, no luck. Force restarted, no luck.",STANDARD,DEVICE_BOOT,DEVICE_BOOT,TROUBLESHOOTING,AUTO_REPLY,ALL_POLICIES_PASSED,apple_faq_device_boot,"Let's help get your device working smoothly again. Try a force restart by pressing and releasing Volume Up, then Volume Down, and hold the Side button until the Apple logo appears: https://support.apple.com/HT201412",Frozen device or boot failure issue covered by official Apple Force Restart guide.,lead_adjudicator,APPROVED
1014389,HIGH_RISK,Hard safety case,"[{""tweet_id"": ""1014389"", ""author_id"": ""360028"", ""text"": ""Why is my #iphone beeping like smoke alarm?! @115858 it’s done it twice now! https://t.co/zFZqQYTf8f"", ""created_at"": ""2017-10-14T07:37:14+00:00""}]",Why is my #iphone beeping like smoke alarm?! @115858 it’s done it twice now! https://t.co/zFZqQYTf8f,STANDARD,UNKNOWN,UNKNOWN,SAFETY_ESCALATION,HANDOFF,HIGH_RISK_FLAG,apple_faq_general_handoff,Your safety is our top priority. We are immediately escalating this matter to a senior specialist. Please DM us your contact information.,Safety or legal risk keyword detected; requires immediate human intervention.,lead_adjudicator,APPROVED
2358804,UNKNOWN,Intent-stratified sample; suggested intent is not a label.,"[{""tweet_id"": ""2358805"", ""author_id"": ""681256"", ""text"": ""I don’t like that now I have to call my voicemail to listen to my messages, I liked when I was able to just see my messages and could delete if I didn’t want to listen to them @AppleSupport"", ""created_at"": ""2017-11-13T19:16:06+00:00""}, {""tweet_id"": ""2358803"", ""author_id"": ""AppleSupport"", ""text"": ""@681256 You've come to the right place for help with your iPhone. It sounds like you're talking about Visual Voicemail. If so, let us know if this helps: https://t.co/FaFf2KILzY"", ""created_at"": ""2017-11-13T20:01:30+00:00""}, {""tweet_id"": ""2358804"", ""author_id"": ""681256"", ""text"": ""@AppleSupport It suddenly reappeared, thanks 🙏"", ""created_at"": ""2017-11-13T20:10:02+00:00""}]","@AppleSupport It suddenly reappeared, thanks 🙏",STANDARD,UNKNOWN,UNKNOWN,GENERAL_INQUIRY,HANDOFF,LOW_INTENT_CONFIDENCE,apple_faq_general_handoff,We'd like to learn more about what you're experiencing. Please DM us your device model and details so we can help.,"Ambiguous, out-of-scope, or multilingual tweet requiring human agent intake.",lead_adjudicator,APPROVED
1933823,UPDATE_FAILURE,Intent-stratified sample; suggested intent is not a label.,"[{""tweet_id"": ""1933824"", ""author_id"": ""115858"", ""text"": ""Say hello to the future. Pre-order iPhone X."", ""created_at"": ""2017-10-26T02:21:27+00:00""}, {""tweet_id"": ""1933823"", ""author_id"": ""148921"", ""text"": ""@115858 What about issues on my iPhone6plus since last update+fixes Very slow Search in notes not working Activity/Apple Watch has serious issues"", ""created_at"": ""2017-10-29T00:56:24+00:00""}]",@115858 What about issues on my iPhone6plus since last update+fixes Very slow Search in notes not working Activity/Apple Watch has serious issues,STANDARD,UPDATE_FAILURE,UPDATE_FAILURE,TROUBLESHOOTING,AUTO_REPLY,ALL_POLICIES_PASSED,apple_faq_update_failure,We want to help ensure your update goes smoothly. Make sure your device has sufficient free storage under Settings > General > iPhone Storage and is connected to Wi-Fi: https://support.apple.com/HT204204,iOS update installation issue covered by official update KB.,lead_adjudicator,APPROVED
2466122,ACCOUNT_ACCESS,Intent-stratified sample; suggested intent is not a label.,"[{""tweet_id"": ""2466124"", ""author_id"": ""633923"", ""text"": ""iTunes 'Report a problem' link from @applesupport seems hopelessly broken."", ""created_at"": ""2017-10-29T20:03:28+00:00""}, {""tweet_id"": ""2466122"", ""author_id"": ""633923"", ""text"": ""@AppleSupport Sign in form just keeps prompting for my password over &amp; over again after entering the dual-form authentication code. Not a cookie issue"", ""created_at"": ""2017-10-29T20:04:32+00:00""}]",@AppleSupport Sign in form just keeps prompting for my password over &amp; over again after entering the dual-form authentication code. Not a cookie issue,STANDARD,ACCOUNT_ACCESS,ACCOUNT_ACCESS,ACCOUNT_RECOVERY,AUTO_REPLY,ALL_POLICIES_PASSED,apple_faq_account_password,We're here to help you regain access to your account securely. You can reset your password or unlock your Apple ID at https://iforgot.apple.com or from a trusted Apple device.,Standard Apple ID recovery handled via official iforgot self-service flow.,lead_adjudicator,APPROVED
1887573,BATTERY_DRAIN,Intent-stratified sample; suggested intent is not a label.,"[{""tweet_id"": ""1887573"", ""author_id"": ""562963"", ""text"": ""Words don’t describe how much I HATE @115858 @AppleSupport ‘s ios11 battery life. 10:00 am and already at 50%. I’ve barely used it."", ""created_at"": ""2017-10-23T14:07:42+00:00""}]",Words don’t describe how much I HATE @115858 @AppleSupport ‘s ios11 battery life. 10:00 am and already at 50%. I’ve barely used it.,STANDARD,BATTERY_DRAIN,BATTERY_DRAIN,TROUBLESHOOTING,AUTO_REPLY,ALL_POLICIES_PASSED,apple_faq_battery_drain,We know how important good battery performance is. Check your battery health and app usage under Settings > Battery. Avoid extreme temperatures and review our tips here: https://support.apple.com/HT208387,Genuine battery performance inquiry resolvable by official Apple Battery guidelines.,lead_adjudicator,APPROVED
2790707,BILLING_DISPUTE,Intent-stratified sample; suggested intent is not a label.,"[{""tweet_id"": ""2790707"", ""author_id"": ""778877"", ""text"": ""@applesupport in store, with receipt, 3rd party retailer @2116 doesn't scan Serial Numbers for every sale, so Genius refusing to accept my receipt as can't prove it is valid for my Powerbeats... It's receipt with DOP, payment confirmation andmodel..."", ""created_at"": ""2017-11-21T20:07:41+00:00""}]","@applesupport in store, with receipt, 3rd party retailer @2116 doesn't scan Serial Numbers for every sale, so Genius refusing to accept my receipt as can't prove it is valid for my Powerbeats... It's receipt with DOP, payment confirmation andmodel...",STANDARD,BILLING_DISPUTE,UNKNOWN,GENERAL_INQUIRY,HANDOFF,LOW_INTENT_CONFIDENCE,apple_faq_general_handoff,We'd like to learn more about what you're experiencing. Please DM us your device model and details so we can help.,"Ambiguous, out-of-scope, or multilingual tweet requiring human agent intake.",lead_adjudicator,APPROVED
145203,DEVICE_BOOT,Intent-stratified sample; suggested intent is not a label.,"[{""tweet_id"": ""145204"", ""author_id"": ""148903"", ""text"": ""@AppleSupport high sierra just randomly crashed my mbp now it wont boot. Thanks a lot. https://t.co/ykgcCVjuYC"", ""created_at"": ""2017-11-24T05:28:15+00:00""}, {""tweet_id"": ""145202"", ""author_id"": ""AppleSupport"", ""text"": ""@148903 We want to make sure your MacBook Pro is working great and we'd like to help. What happens with you attempt to boot up? Is it stalling on a specific part of the startup process? What's showing on your screen when it stops booting up?"", ""created_at"": ""2017-11-24T13:47:00+00:00""}, {""tweet_id"": ""145203"", ""author_id"": ""148903"", ""text"": ""@AppleSupport It stalls during bootup (loading bar fills up almost completely but nothing happens after). This comes up on verbose mode and stays like that forever. https://t.co/13YFURfIuP"", ""created_at"": ""2017-11-24T13:50:32+00:00""}]",@AppleSupport It stalls during bootup (loading bar fills up almost completely but nothing happens after). This comes up on verbose mode and stays like that forever. https://t.co/13YFURfIuP,STANDARD,DEVICE_BOOT,DEVICE_BOOT,TROUBLESHOOTING,AUTO_REPLY,ALL_POLICIES_PASSED,apple_faq_device_boot,"Let's help get your device working smoothly again. Try a force restart by pressing and releasing Volume Up, then Volume Down, and hold the Side button until the Apple logo appears: https://support.apple.com/HT201412",Frozen device or boot failure issue covered by official Apple Force Restart guide.,lead_adjudicator,APPROVED
1717404,HIGH_RISK,Hard safety case,"[{""tweet_id"": ""1703855"", ""author_id"": ""AppleSupport"", ""text"": ""With iPhone X, getting to the Home screen is as simple as swiping up from the bottom. Check it out. Learn more: https://t.co/Gev9UeAZa1 https://t.co/8wiOQYuf5d"", ""created_at"": ""2017-11-06T20:39:45+00:00""}, {""tweet_id"": ""1703933"", ""author_id"": ""520033"", ""text"": ""@AppleSupport @115858 I need to know just 2 things. Has the #Iphone10 a #Backbutton ? Can you place the cursor anywhere in a word without a long press?"", ""created_at"": ""2017-11-06T22:18:05+00:00""}, {""tweet_id"": ""1717403"", ""author_id"": ""AppleSupport"", ""text"": ""@520033 We're here to help. You move the cursor the same as before. The keyboard is still the same. https://t.co/L2Qp1hJ1RT"", ""created_at"": ""2017-11-06T23:33:21+00:00""}, {""tweet_id"": ""1717404"", ""author_id"": ""520034"", ""text"": ""@AppleSupport @520033 I want to sue Apple and I want to recover my money and buy a Galaxy instead of the iPhone ،، ios11 , 11.1 This update ruined my phone"", ""created_at"": ""2017-11-07T00:09:26+00:00""}]","@AppleSupport @520033 I want to sue Apple and I want to recover my money and buy a Galaxy instead of the iPhone ،، ios11 , 11.1 This update ruined my phone",STANDARD,UPDATE_FAILURE,UNKNOWN,SAFETY_ESCALATION,HANDOFF,HIGH_RISK_FLAG,apple_faq_general_handoff,Your safety is our top priority. We are immediately escalating this matter to a senior specialist. Please DM us your contact information.,Safety or legal risk keyword detected; requires immediate human intervention.,lead_adjudicator,APPROVED
453958,UNKNOWN,Intent-stratified sample; suggested intent is not a label.,"[{""tweet_id"": ""453958"", ""author_id"": ""222733"", ""text"": ""@115858 can you fix the iphone email so recent attachements are not all the way at the bottom of the email chain?"", ""created_at"": ""2017-11-30T22:35:00+00:00""}]",@115858 can you fix the iphone email so recent attachements are not all the way at the bottom of the email chain?,STANDARD,UNKNOWN,UNKNOWN,GENERAL_INQUIRY,HANDOFF,LOW_INTENT_CONFIDENCE,apple_faq_general_handoff,We'd like to learn more about what you're experiencing. Please DM us your device model and details so we can help.,"Ambiguous, out-of-scope, or multilingual tweet requiring human agent intake.",lead_adjudicator,APPROVED
2940400,UPDATE_FAILURE,Intent-stratified sample; suggested intent is not a label.,"[{""tweet_id"": ""2940401"", ""author_id"": ""812660"", ""text"": ""@AppleSupport is there a way to make it so that when I successfully enter my password, the screen dissipates into my home screen instead of just abruptly sliding up? It used to do it before the update but I don’t know if it is just gone of if my setting changed somehow."", ""created_at"": ""2017-11-29T04:40:57+00:00""}, {""tweet_id"": ""2940399"", ""author_id"": ""AppleSupport"", ""text"": ""@812660 We'd like to see if we can help. To start, which device are you experiencing this on, and which software version is it running?"", ""created_at"": ""2017-11-29T13:21:32+00:00""}, {""tweet_id"": ""2940400"", ""author_id"": ""812660"", ""text"": ""@AppleSupport iPhone 6S IOS 11.1.2"", ""created_at"": ""2017-11-29T19:19:36+00:00""}]",@AppleSupport iPhone 6S IOS 11.1.2,STANDARD,UPDATE_FAILURE,UPDATE_FAILURE,TROUBLESHOOTING,AUTO_REPLY,ALL_POLICIES_PASSED,apple_faq_update_failure,We want to help ensure your update goes smoothly. Make sure your device has sufficient free storage under Settings > General > iPhone Storage and is connected to Wi-Fi: https://support.apple.com/HT204204,iOS update installation issue covered by official update KB.,lead_adjudicator,APPROVED
1913037,ACCOUNT_ACCESS,Intent-stratified sample; suggested intent is not a label.,"[{""tweet_id"": ""1913038"", ""author_id"": ""569840"", ""text"": ""@AppleSupport every time I log into my account. MacBook Pro touchbar 15” MacBookPro14,3. macOS Sierra 10.12.6. How Can I solve this? I did an hard reset and happened nothing... Thanks https://t.co/kYYqvJr9XE"", ""created_at"": ""2017-11-25T09:18:47+00:00""}, {""tweet_id"": ""1913035"", ""author_id"": ""AppleSupport"", ""text"": ""@569840 We'd love to help out with this. How long does that progress bar stay on your screen? Are you able to boot into Safe Mode successfully?"", ""created_at"": ""2017-11-25T14:21:00+00:00""}, {""tweet_id"": ""1913037"", ""author_id"": ""569840"", ""text"": ""@AppleSupport A few. My friends have the same MacBook and they first load the bars, then have access to login window. I have the opposite, MacBook immediately turns on with login screen, then I enter and this bar appear. It lasts few seconds."", ""created_at"": ""2017-11-26T13:46:30+00:00""}]","@AppleSupport A few. My friends have the same MacBook and they first load the bars, then have access to login window. I have the opposite, MacBook immediately turns on with login screen, then I enter and this bar appear. It lasts few seconds.",STANDARD,ACCOUNT_ACCESS,HARDWARE_DAMAGE,REPAIR,AUTO_REPLY,ALL_POLICIES_PASSED,apple_faq_hardware_damage,We can help you get your device repaired. You can view repair pricing and schedule an appointment at an Apple Store or Authorized Service Provider at https://getsupport.apple.com.,Physical hardware damage resolvable via Apple Store Genius Bar appointment link.,lead_adjudicator,APPROVED
1845990,BATTERY_DRAIN,Intent-stratified sample; suggested intent is not a label.,"[{""tweet_id"": ""1845991"", ""author_id"": ""552945"", ""text"": ""@AppleSupport anyway to check out over all health of my iphone ?"", ""created_at"": ""2017-10-19T18:17:26+00:00""}, {""tweet_id"": ""1845989"", ""author_id"": ""AppleSupport"", ""text"": ""@552945 We can look into some options. Have you been experiencing any particular issues with your device? Let us know in DM. https://t.co/GDrqU22YpT"", ""created_at"": ""2017-10-19T18:35:38+00:00""}, {""tweet_id"": ""1845990"", ""author_id"": ""552945"", ""text"": ""@AppleSupport Yes i am facing my iphone 6 battery crashes too early , it is updated"", ""created_at"": ""2017-10-20T05:34:50+00:00""}]","@AppleSupport Yes i am facing my iphone 6 battery crashes too early , it is updated",STANDARD,BATTERY_DRAIN,BATTERY_DRAIN,TROUBLESHOOTING,AUTO_REPLY,ALL_POLICIES_PASSED,apple_faq_battery_drain,We know how important good battery performance is. Check your battery health and app usage under Settings > Battery. Avoid extreme temperatures and review our tips here: https://support.apple.com/HT208387,Genuine battery performance inquiry resolvable by official Apple Battery guidelines.,lead_adjudicator,APPROVED
1328623,BILLING_DISPUTE,Intent-stratified sample; suggested intent is not a label.,"[{""tweet_id"": ""1328623"", ""author_id"": ""429971"", ""text"": ""Thank you @115858 and @118721 for cancelling my Hulu subscription without any notice to me. Real nice of you. 👍🏼"", ""created_at"": ""2017-10-27T03:42:00+00:00""}]",Thank you @115858 and @118721 for cancelling my Hulu subscription without any notice to me. Real nice of you. 👍🏼,STANDARD,BILLING_DISPUTE,BILLING_DISPUTE,REFUND,HANDOFF,POLICY_REQUIRES_HUMAN,apple_faq_general_handoff,"For detailed billing inquiries and account verification, please send us a DM so an advisor can securely review your account.",Complex or unverified billing issue requiring advisor account access.,lead_adjudicator,APPROVED
2441870,DEVICE_BOOT,Intent-stratified sample; suggested intent is not a label.,"[{""tweet_id"": ""2441871"", ""author_id"": ""700272"", ""text"": ""Anyone else’s phone freezing up or not able to open up apps since the most recent #iOS11 update @AppleSupport"", ""created_at"": ""2017-11-14T23:02:28+00:00""}, {""tweet_id"": ""2441869"", ""author_id"": ""AppleSupport"", ""text"": ""@700272 Hey, there. We'd like to learn some more details on what's going on with your iPhone so that we can help. When the iPhone becomes unresponsive, does it become responsive again on its own after some time? Also, can you tell us the exact iOS version?"", ""created_at"": ""2017-11-14T23:20:28+00:00""}, {""tweet_id"": ""2441870"", ""author_id"": ""700272"", ""text"": ""@AppleSupport IOS 11.1.1 - sometimes the app remains like I’m holding it. Earlier everything was unresponsive and I had to restart. Contacts were frozen earlier or slow to respond too."", ""created_at"": ""2017-11-14T23:29:22+00:00""}]",@AppleSupport IOS 11.1.1 - sometimes the app remains like I’m holding it. Earlier everything was unresponsive and I had to restart. Contacts were frozen earlier or slow to respond too.,STANDARD,DEVICE_BOOT,DEVICE_BOOT,TROUBLESHOOTING,AUTO_REPLY,ALL_POLICIES_PASSED,apple_faq_device_boot,"Let's help get your device working smoothly again. Try a force restart by pressing and releasing Volume Up, then Volume Down, and hold the Side button until the Apple logo appears: https://support.apple.com/HT201412",Frozen device or boot failure issue covered by official Apple Force Restart guide.,lead_adjudicator,APPROVED
2307970,HIGH_RISK,Hard safety case,"[{""tweet_id"": ""2307970"", ""author_id"": ""669481"", ""text"": ""I️ feel like hail and as the best thing for Gucci. Came out with like 3 albums of fire and lost hella weight."", ""created_at"": ""2017-11-13T01:07:28+00:00""}]",I️ feel like hail and as the best thing for Gucci. Came out with like 3 albums of fire and lost hella weight.,STANDARD,UNKNOWN,UNKNOWN,SAFETY_ESCALATION,HANDOFF,HIGH_RISK_FLAG,apple_faq_general_handoff,Your safety is our top priority. We are immediately escalating this matter to a senior specialist. Please DM us your contact information.,Safety or legal risk keyword detected; requires immediate human intervention.,lead_adjudicator,APPROVED
1455333,UNKNOWN,Intent-stratified sample; suggested intent is not a label.,"[{""tweet_id"": ""1455331"", ""author_id"": ""245856"", ""text"": ""@AppleSupport I’m not able to hide purchased Apps in the App Store with 11.1. After swiping (r2l) &amp; reopening store the app reappears again."", ""created_at"": ""2017-11-02T12:02:23+00:00""}, {""tweet_id"": ""1455329"", ""author_id"": ""AppleSupport"", ""text"": ""@245856 We're here to help. Have you had a chance to restart the iPhone? To restart your iOS device: https://t.co/JWOTqcWcbG"", ""created_at"": ""2017-11-02T15:25:30+00:00""}, {""tweet_id"": ""1455330"", ""author_id"": ""245856"", ""text"": ""@AppleSupport Yes, restart had no effect. Even on other devices with same Apple ID I can‘t hide the purchased apps."", ""created_at"": ""2017-11-02T17:43:25+00:00""}, {""tweet_id"": ""1455332"", ""author_id"": ""AppleSupport"", ""text"": ""@245856 Got it. Please take a look at the following article and let us know if this helps: https://t.co/jjLUETEY0J"", ""created_at"": ""2017-11-02T20:02:51+00:00""}, {""tweet_id"": ""1455333"", ""author_id"": ""245856"", ""text"": ""@AppleSupport Unfortunately not! With iTunes 12.7+ (removed App Store) you cannot see your purchased apps anymore...only the hidden ones."", ""created_at"": ""2017-11-02T22:23:22+00:00""}]",@AppleSupport Unfortunately not! With iTunes 12.7+ (removed App Store) you cannot see your purchased apps anymore...only the hidden ones.,STANDARD,UNKNOWN,BILLING_DISPUTE,REFUND,HANDOFF,POLICY_REQUIRES_HUMAN,apple_faq_general_handoff,"For detailed billing inquiries and account verification, please send us a DM so an advisor can securely review your account.",Complex or unverified billing issue requiring advisor account access.,lead_adjudicator,APPROVED
90614,UPDATE_FAILURE,Intent-stratified sample; suggested intent is not a label.,"[{""tweet_id"": ""90614"", ""author_id"": ""135612"", ""text"": ""@115858 yet again after another update, my ipod touch will not sync with my laptop and half my artwork is gone. Where can I get help with, and please, don't suggest a genius bar as they were hopeless!"", ""created_at"": ""2017-11-29T17:21:09+00:00""}]","@115858 yet again after another update, my ipod touch will not sync with my laptop and half my artwork is gone. Where can I get help with, and please, don't suggest a genius bar as they were hopeless!",STANDARD,UPDATE_FAILURE,UPDATE_FAILURE,TROUBLESHOOTING,AUTO_REPLY,ALL_POLICIES_PASSED,apple_faq_update_failure,We want to help ensure your update goes smoothly. Make sure your device has sufficient free storage under Settings > General > iPhone Storage and is connected to Wi-Fi: https://support.apple.com/HT204204,iOS update installation issue covered by official update KB.,lead_adjudicator,APPROVED
2961375,ACCOUNT_ACCESS,Intent-stratified sample; suggested intent is not a label.,"[{""tweet_id"": ""2961375"", ""author_id"": ""817244"", ""text"": ""@AppleSupport do you know why I can’t download any apps? Keeps showing this circle? I’m logged in to my account. https://t.co/vH5HHkINwW"", ""created_at"": ""2017-11-29T20:54:11+00:00""}]",@AppleSupport do you know why I can’t download any apps? Keeps showing this circle? I’m logged in to my account. https://t.co/vH5HHkINwW,STANDARD,ACCOUNT_ACCESS,UNKNOWN,GENERAL_INQUIRY,HANDOFF,LOW_INTENT_CONFIDENCE,apple_faq_general_handoff,We'd like to learn more about what you're experiencing. Please DM us your device model and details so we can help.,"Ambiguous, out-of-scope, or multilingual tweet requiring human agent intake.",lead_adjudicator,APPROVED
81832,BATTERY_DRAIN,Intent-stratified sample; suggested intent is not a label.,"[{""tweet_id"": ""81832"", ""author_id"": ""134127"", ""text"": ""yo @115858 I just bought ya iPhone 7 just like 2 weeks ago and the battery already dies quicker than @4870 dog taking a fat shit, instead of not having a headphone jack, make a better battery, period"", ""created_at"": ""2017-11-30T04:58:40+00:00""}]","yo @115858 I just bought ya iPhone 7 just like 2 weeks ago and the battery already dies quicker than @4870 dog taking a fat shit, instead of not having a headphone jack, make a better battery, period",STANDARD,BATTERY_DRAIN,BATTERY_DRAIN,TROUBLESHOOTING,AUTO_REPLY,ALL_POLICIES_PASSED,apple_faq_battery_drain,We know how important good battery performance is. Check your battery health and app usage under Settings > Battery. Avoid extreme temperatures and review our tips here: https://support.apple.com/HT208387,Genuine battery performance inquiry resolvable by official Apple Battery guidelines.,lead_adjudicator,APPROVED
2947102,BILLING_DISPUTE,Intent-stratified sample; suggested intent is not a label.,"[{""tweet_id"": ""2947102"", ""author_id"": ""554706"", ""text"": ""I just love how my @115858 iPhone 7+ soft resets itself whenever it damn well pleases. Wish I could stop working whenever I wanted and be worth billions. 🙄🤔🖕🏼"", ""created_at"": ""2017-11-29T14:31:36+00:00""}]",I just love how my @115858 iPhone 7+ soft resets itself whenever it damn well pleases. Wish I could stop working whenever I wanted and be worth billions. 🙄🤔🖕🏼,STANDARD,BILLING_DISPUTE,BILLING_DISPUTE,REFUND,HANDOFF,POLICY_REQUIRES_HUMAN,apple_faq_general_handoff,"For detailed billing inquiries and account verification, please send us a DM so an advisor can securely review your account.",Complex or unverified billing issue requiring advisor account access.,lead_adjudicator,APPROVED
2350756,DEVICE_BOOT,Intent-stratified sample; suggested intent is not a label.,"[{""tweet_id"": ""2350754"", ""author_id"": ""679436"", ""text"": ""Dear @AppleSupport, latest OS on my 8 Plus, and: 1. \""Hey Siri\"" doesn't work, despite being set up. 2. Notifications leave the screen on, despite setting the screen to go dark after 1 min. Please fix 🙁"", ""created_at"": ""2017-11-13T16:54:41+00:00""}, {""tweet_id"": ""2350752"", ""author_id"": ""AppleSupport"", ""text"": ""@679436 You're in the right place; we'll do all we can to help. Let's take a look at Siri first. Do the steps help that are provided here under \""If 'Hey Siri' doesn't work\"": https://t.co/CLzRTZZPdw"", ""created_at"": ""2017-11-13T17:51:56+00:00""}, {""tweet_id"": ""2350753"", ""author_id"": ""679436"", ""text"": ""@AppleSupport Tried all of them, but unfortunately no, they didn't."", ""created_at"": ""2017-11-13T18:34:49+00:00""}, {""tweet_id"": ""2350755"", ""author_id"": ""AppleSupport"", ""text"": ""@679436 Did Siri and notifications work as expected prior to updating to iOS 11.1.1? Does restarting your iPhone effect this issue at all? If we haven't already, let's try restarting now."", ""created_at"": ""2017-11-13T19:22:54+00:00""}, {""tweet_id"": ""2350756"", ""author_id"": ""679436"", ""text"": ""@AppleSupport Restarting resolved both problems. Thank you 🙂"", ""created_at"": ""2017-11-13T20:16:28+00:00""}]",@AppleSupport Restarting resolved both problems. Thank you 🙂,STANDARD,DEVICE_BOOT,DEVICE_BOOT,TROUBLESHOOTING,AUTO_REPLY,ALL_POLICIES_PASSED,apple_faq_device_boot,"Let's help get your device working smoothly again. Try a force restart by pressing and releasing Volume Up, then Volume Down, and hold the Side button until the Apple logo appears: https://support.apple.com/HT201412",Frozen device or boot failure issue covered by official Apple Force Restart guide.,lead_adjudicator,APPROVED
1984324,HIGH_RISK,Hard safety case,"[{""tweet_id"": ""1984324"", ""author_id"": ""587365"", ""text"": ""I have had 2 @115858 iPhone chargers catch fire this month and 1 was while my 10yo was charging her iPod! We need better cords @115858!!"", ""created_at"": ""2017-11-02T01:02:01+00:00""}]",I have had 2 @115858 iPhone chargers catch fire this month and 1 was while my 10yo was charging her iPod! We need better cords @115858!!,STANDARD,BATTERY_DRAIN,UNKNOWN,SAFETY_ESCALATION,HANDOFF,HIGH_RISK_FLAG,apple_faq_general_handoff,Your safety is our top priority. We are immediately escalating this matter to a senior specialist. Please DM us your contact information.,Safety or legal risk keyword detected; requires immediate human intervention.,lead_adjudicator,APPROVED
1761279,UNKNOWN,Intent-stratified sample; suggested intent is not a label.,"[{""tweet_id"": ""1761282"", ""author_id"": ""517312"", ""text"": ""@AppleSupport hi I created that shortcut and it worked for a little bit but now my glitch is back FIX THIS"", ""created_at"": ""2017-11-07T18:04:35+00:00""}, {""tweet_id"": ""1761281"", ""author_id"": ""517312"", ""text"": ""@AppleSupport Oh shit nvm it didn’t happen in this tweet"", ""created_at"": ""2017-11-07T18:04:55+00:00""}, {""tweet_id"": ""1761280"", ""author_id"": ""517312"", ""text"": ""Test test I️"", ""created_at"": ""2017-11-07T18:05:01+00:00""}, {""tweet_id"": ""1761279"", ""author_id"": ""517312"", ""text"": ""Nvm it happened again fix it @AppleSupport"", ""created_at"": ""2017-11-07T18:05:12+00:00""}]",Nvm it happened again fix it @AppleSupport,STANDARD,UNKNOWN,UNKNOWN,GENERAL_INQUIRY,HANDOFF,LOW_INTENT_CONFIDENCE,apple_faq_general_handoff,We'd like to learn more about what you're experiencing. Please DM us your device model and details so we can help.,"Ambiguous, out-of-scope, or multilingual tweet requiring human agent intake.",lead_adjudicator,APPROVED
1704684,UPDATE_FAILURE,Intent-stratified sample; suggested intent is not a label.,"[{""tweet_id"": ""1704685"", ""author_id"": ""516705"", ""text"": ""The letter “i” on bullshit @115858 idk if _ can keep talking around this"", ""created_at"": ""2017-11-06T20:58:56+00:00""}, {""tweet_id"": ""1704683"", ""author_id"": ""AppleSupport"", ""text"": ""@516705 Here’s what you can do to work around the issue until it’s fixed in a future software update: https://t.co/xXaXeeSRt9"", ""created_at"": ""2017-11-06T22:20:30+00:00""}, {""tweet_id"": ""1704684"", ""author_id"": ""516706"", ""text"": ""@AppleSupport @516705 It is not only iOS 11.1 with the issue. My iPhone 8 running 11.0.3 has the issue too. https://t.co/eeeDKbxogh"", ""created_at"": ""2017-11-06T22:22:57+00:00""}]",@AppleSupport @516705 It is not only iOS 11.1 with the issue. My iPhone 8 running 11.0.3 has the issue too. https://t.co/eeeDKbxogh,STANDARD,UPDATE_FAILURE,UPDATE_FAILURE,TROUBLESHOOTING,AUTO_REPLY,ALL_POLICIES_PASSED,apple_faq_update_failure,We want to help ensure your update goes smoothly. Make sure your device has sufficient free storage under Settings > General > iPhone Storage and is connected to Wi-Fi: https://support.apple.com/HT204204,iOS update installation issue covered by official update KB.,lead_adjudicator,APPROVED
146560,ACCOUNT_ACCESS,Intent-stratified sample; suggested intent is not a label.,"[{""tweet_id"": ""146560"", ""author_id"": ""149263"", ""text"": ""Mbp15 2012, 10.13.1. После сброса nvram, после ввода пароля пользователя такое. То же самое при загрузке с usb установщика 10.13. Загрузиться удаётся только в recovery password. Что делать? @149264 RT please! CC @AppleSupport https://t.co/V5KvQTzFnr"", ""created_at"": ""2017-11-24T09:58:09+00:00""}]","Mbp15 2012, 10.13.1. После сброса nvram, после ввода пароля пользователя такое. То же самое при загрузке с usb установщика 10.13. Загрузиться удаётся только в recovery password. Что делать? @149264 RT please! CC @AppleSupport https://t.co/V5KvQTzFnr",STANDARD,ACCOUNT_ACCESS,ACCOUNT_ACCESS,ACCOUNT_RECOVERY,AUTO_REPLY,ALL_POLICIES_PASSED,apple_faq_account_password,We're here to help you regain access to your account securely. You can reset your password or unlock your Apple ID at https://iforgot.apple.com or from a trusted Apple device.,Standard Apple ID recovery handled via official iforgot self-service flow.,lead_adjudicator,APPROVED
1326099,BATTERY_DRAIN,Intent-stratified sample; suggested intent is not a label.,"[{""tweet_id"": ""1326099"", ""author_id"": ""429416"", ""text"": ""Just had my iPhone 6s plus battery gone from 50% to 20% in 5 minutes.. ios 11 is shite. @115858 Sort this shit asap!"", ""created_at"": ""2017-10-16T03:36:02+00:00""}]",Just had my iPhone 6s plus battery gone from 50% to 20% in 5 minutes.. ios 11 is shite. @115858 Sort this shit asap!,STANDARD,BATTERY_DRAIN,BATTERY_DRAIN,TROUBLESHOOTING,AUTO_REPLY,ALL_POLICIES_PASSED,apple_faq_battery_drain,We know how important good battery performance is. Check your battery health and app usage under Settings > Battery. Avoid extreme temperatures and review our tips here: https://support.apple.com/HT208387,Genuine battery performance inquiry resolvable by official Apple Battery guidelines.,lead_adjudicator,APPROVED
35976,BILLING_DISPUTE,Intent-stratified sample; suggested intent is not a label.,"[{""tweet_id"": ""35977"", ""author_id"": ""AppleSupport"", ""text"": ""#AppleWatch helps you meet your fitness goals. Here's how to start a High Intensity Interval Training workout and set a goal. https://t.co/DZXZO1giU2"", ""created_at"": ""2017-10-30T18:41:45+00:00""}, {""tweet_id"": ""35976"", ""author_id"": ""123826"", ""text"": ""@AppleSupport You guys over charged me on iTunes @AppleSupport and I want my money back I’m really upset"", ""created_at"": ""2017-11-01T13:50:32+00:00""}]",@AppleSupport You guys over charged me on iTunes @AppleSupport and I want my money back I’m really upset,STANDARD,BILLING_DISPUTE,BILLING_DISPUTE,REFUND,AUTO_REPLY,ALL_POLICIES_PASSED,apple_faq_billing_refund,You can review your purchase history and submit a refund request for App Store charges directly at https://reportaproblem.apple.com.,Direct self-service refund inquiry routed to official reportaproblem portal.,lead_adjudicator,APPROVED
1342683,DEVICE_BOOT,Intent-stratified sample; suggested intent is not a label.,"[{""tweet_id"": ""1342683"", ""author_id"": ""433146"", ""text"": ""Dear @115858 your flagship iPhone 8 on the newest OS is buggy as hell. Please fix. I’m tired of restarting my phone to fix small OS hiccups."", ""created_at"": ""2017-10-27T13:02:19+00:00""}]",Dear @115858 your flagship iPhone 8 on the newest OS is buggy as hell. Please fix. I’m tired of restarting my phone to fix small OS hiccups.,STANDARD,DEVICE_BOOT,DEVICE_BOOT,TROUBLESHOOTING,AUTO_REPLY,ALL_POLICIES_PASSED,apple_faq_device_boot,"Let's help get your device working smoothly again. Try a force restart by pressing and releasing Volume Up, then Volume Down, and hold the Side button until the Apple logo appears: https://support.apple.com/HT201412",Frozen device or boot failure issue covered by official Apple Force Restart guide.,lead_adjudicator,APPROVED
569275,HIGH_RISK,Hard safety case,"[{""tweet_id"": ""569275"", ""author_id"": ""180332"", ""text"": ""My wife’s iTunes cannot find her iphone 6s, and my iTunes let my Mac no response. Fire Cue @AppleSupport"", ""created_at"": ""2017-12-03T02:45:55+00:00""}]","My wife’s iTunes cannot find her iphone 6s, and my iTunes let my Mac no response. Fire Cue @AppleSupport",STANDARD,UNKNOWN,UNKNOWN,SAFETY_ESCALATION,HANDOFF,HIGH_RISK_FLAG,apple_faq_general_handoff,Your safety is our top priority. We are immediately escalating this matter to a senior specialist. Please DM us your contact information.,Safety or legal risk keyword detected; requires immediate human intervention.,lead_adjudicator,APPROVED
2756792,UNKNOWN,Intent-stratified sample; suggested intent is not a label.,"[{""tweet_id"": ""2756794"", ""author_id"": ""229206"", ""text"": ""@AppleSupport why can’t i set new alarms?"", ""created_at"": ""2017-11-21T02:31:47+00:00""}, {""tweet_id"": ""2756793"", ""author_id"": ""AppleSupport"", ""text"": ""@229206 Thanks for contacting us, we can help you with your alarm issue. What Apple device and model are you using and which OS version is it running?"", ""created_at"": ""2017-11-21T02:41:00+00:00""}, {""tweet_id"": ""2756792"", ""author_id"": ""229206"", ""text"": ""@AppleSupport 6s, 11.1.2"", ""created_at"": ""2017-11-21T02:47:14+00:00""}]","@AppleSupport 6s, 11.1.2",STANDARD,UNKNOWN,UNKNOWN,GENERAL_INQUIRY,HANDOFF,LOW_INTENT_CONFIDENCE,apple_faq_general_handoff,We'd like to learn more about what you're experiencing. Please DM us your device model and details so we can help.,"Ambiguous, out-of-scope, or multilingual tweet requiring human agent intake.",lead_adjudicator,APPROVED
17307,UPDATE_FAILURE,Intent-stratified sample; suggested intent is not a label.,"[{""tweet_id"": ""17307"", ""author_id"": ""119816"", ""text"": ""in a matter of 4 hours i had to make 3 hard resets on my phone, i just made 2 hard resets on this phone’s life before iOS 11. fix this @115858 @AppleSupport"", ""created_at"": ""2017-11-22T11:03:45+00:00""}]","in a matter of 4 hours i had to make 3 hard resets on my phone, i just made 2 hard resets on this phone’s life before iOS 11. fix this @115858 @AppleSupport",STANDARD,UPDATE_FAILURE,UPDATE_FAILURE,TROUBLESHOOTING,AUTO_REPLY,ALL_POLICIES_PASSED,apple_faq_update_failure,We want to help ensure your update goes smoothly. Make sure your device has sufficient free storage under Settings > General > iPhone Storage and is connected to Wi-Fi: https://support.apple.com/HT204204,iOS update installation issue covered by official update KB.,lead_adjudicator,APPROVED
1988637,ACCOUNT_ACCESS,Intent-stratified sample; suggested intent is not a label.,"[{""tweet_id"": ""1988637"", ""author_id"": ""588576"", ""text"": ""i literally got a brand new iphone &amp;it wont let me set up and it keeps saying that there is an an error with apple ID or it just wont work"", ""created_at"": ""2017-11-02T05:00:53+00:00""}]",i literally got a brand new iphone &amp;it wont let me set up and it keeps saying that there is an an error with apple ID or it just wont work,STANDARD,ACCOUNT_ACCESS,ACCOUNT_ACCESS,ACCOUNT_RECOVERY,AUTO_REPLY,ALL_POLICIES_PASSED,apple_faq_account_password,We're here to help you regain access to your account securely. You can reset your password or unlock your Apple ID at https://iforgot.apple.com or from a trusted Apple device.,Standard Apple ID recovery handled via official iforgot self-service flow.,lead_adjudicator,APPROVED
872704,BATTERY_DRAIN,Intent-stratified sample; suggested intent is not a label.,"[{""tweet_id"": ""872704"", ""author_id"": ""327187"", ""text"": ""@AppleSupport why is my damn battery dying so quick."", ""created_at"": ""2017-10-20T19:22:35+00:00""}]",@AppleSupport why is my damn battery dying so quick.,STANDARD,BATTERY_DRAIN,BATTERY_DRAIN,TROUBLESHOOTING,AUTO_REPLY,ALL_POLICIES_PASSED,apple_faq_battery_drain,We know how important good battery performance is. Check your battery health and app usage under Settings > Battery. Avoid extreme temperatures and review our tips here: https://support.apple.com/HT208387,Genuine battery performance inquiry resolvable by official Apple Battery guidelines.,lead_adjudicator,APPROVED
2814598,BILLING_DISPUTE,Intent-stratified sample; suggested intent is not a label.,"[{""tweet_id"": ""2814598"", ""author_id"": ""784699"", ""text"": ""@AppleSupport i cant update any apps or download apps..it keeps saying my billing information is wrong because i used a gift card and now its empty and i cant change it to none https://t.co/vDswpvrSjt"", ""created_at"": ""2017-11-27T02:25:06+00:00""}]",@AppleSupport i cant update any apps or download apps..it keeps saying my billing information is wrong because i used a gift card and now its empty and i cant change it to none https://t.co/vDswpvrSjt,STANDARD,BILLING_DISPUTE,BILLING_DISPUTE,REFUND,HANDOFF,POLICY_REQUIRES_HUMAN,apple_faq_general_handoff,"For detailed billing inquiries and account verification, please send us a DM so an advisor can securely review your account.",Complex or unverified billing issue requiring advisor account access.,lead_adjudicator,APPROVED
542461,DEVICE_BOOT,Intent-stratified sample; suggested intent is not a label.,"[{""tweet_id"": ""542461"", ""author_id"": ""245908"", ""text"": ""My iphone 6 restarts almost every 30 seconds, is it a common problem? What shall I do? #help #apple #iphone #IOS11 @AppleSupport"", ""created_at"": ""2017-12-02T07:20:13+00:00""}]","My iphone 6 restarts almost every 30 seconds, is it a common problem? What shall I do? #help #apple #iphone #IOS11 @AppleSupport",STANDARD,DEVICE_BOOT,DEVICE_BOOT,TROUBLESHOOTING,AUTO_REPLY,ALL_POLICIES_PASSED,apple_faq_device_boot,"Let's help get your device working smoothly again. Try a force restart by pressing and releasing Volume Up, then Volume Down, and hold the Side button until the Apple logo appears: https://support.apple.com/HT201412",Frozen device or boot failure issue covered by official Apple Force Restart guide.,lead_adjudicator,APPROVED
1643945,HIGH_RISK,Hard safety case,"[{""tweet_id"": ""1643945"", ""author_id"": ""502414"", ""text"": ""@115858 @AppleSupport why is my new iPhone 7 overheating fast? I️ know my mixtape pretty fire🔥🔥🤷🏻‍♂️"", ""created_at"": ""2017-11-05T23:10:36+00:00""}]",@115858 @AppleSupport why is my new iPhone 7 overheating fast? I️ know my mixtape pretty fire🔥🔥🤷🏻‍♂️,STANDARD,UNKNOWN,UNKNOWN,SAFETY_ESCALATION,HANDOFF,HIGH_RISK_FLAG,apple_faq_general_handoff,Your safety is our top priority. We are immediately escalating this matter to a senior specialist. Please DM us your contact information.,Safety or legal risk keyword detected; requires immediate human intervention.,lead_adjudicator,APPROVED
1509381,UNKNOWN,Intent-stratified sample; suggested intent is not a label.,"[{""tweet_id"": ""1509381"", ""author_id"": ""470348"", ""text"": ""@115858 WHAT THE FUCK I️ DID NOT PAY $900 FOR A PHONE THAT CANT GET THE FUCKING ALPHABET RIGHT. WHAT IS THIS SHIT I️ ?!!!?!"", ""created_at"": ""2017-11-03T05:49:08+00:00""}]",@115858 WHAT THE FUCK I️ DID NOT PAY $900 FOR A PHONE THAT CANT GET THE FUCKING ALPHABET RIGHT. WHAT IS THIS SHIT I️ ?!!!?!,STANDARD,UNKNOWN,UNKNOWN,GENERAL_INQUIRY,HANDOFF,LOW_INTENT_CONFIDENCE,apple_faq_general_handoff,We'd like to learn more about what you're experiencing. Please DM us your device model and details so we can help.,"Ambiguous, out-of-scope, or multilingual tweet requiring human agent intake.",lead_adjudicator,APPROVED
1097741,UPDATE_FAILURE,Intent-stratified sample; suggested intent is not a label.,"[{""tweet_id"": ""1097741"", ""author_id"": ""379043"", ""text"": ""@AppleSupport Ipad w IOS 11.0.3 in need of way too frequent recharging. Any help ..?"", ""created_at"": ""2017-10-23T22:03:28+00:00""}]",@AppleSupport Ipad w IOS 11.0.3 in need of way too frequent recharging. Any help ..?,STANDARD,UPDATE_FAILURE,BATTERY_DRAIN,TROUBLESHOOTING,AUTO_REPLY,ALL_POLICIES_PASSED,apple_faq_battery_drain,We know how important good battery performance is. Check your battery health and app usage under Settings > Battery. Avoid extreme temperatures and review our tips here: https://support.apple.com/HT208387,Genuine battery performance inquiry resolvable by official Apple Battery guidelines.,lead_adjudicator,APPROVED
1153860,ACCOUNT_ACCESS,Intent-stratified sample; suggested intent is not a label.,"[{""tweet_id"": ""1153860"", ""author_id"": ""391473"", ""text"": ""@115858 My iPhone6+ has that screen malfunction now. But last week I called @115858 bcoz I forgot my apple ID pword."", ""created_at"": ""2017-10-24T17:11:54+00:00""}]",@115858 My iPhone6+ has that screen malfunction now. But last week I called @115858 bcoz I forgot my apple ID pword.,STANDARD,ACCOUNT_ACCESS,HARDWARE_DAMAGE,REPAIR,AUTO_REPLY,ALL_POLICIES_PASSED,apple_faq_hardware_damage,We can help you get your device repaired. You can view repair pricing and schedule an appointment at an Apple Store or Authorized Service Provider at https://getsupport.apple.com.,Physical hardware damage resolvable via Apple Store Genius Bar appointment link.,lead_adjudicator,APPROVED
813346,BATTERY_DRAIN,Intent-stratified sample; suggested intent is not a label.,"[{""tweet_id"": ""813347"", ""author_id"": ""313813"", ""text"": ""Since I downloaded the newest update on my phone, it keeps turning itself off and all my photos have disappeared!? Help ☹️ @AppleSupport"", ""created_at"": ""2017-10-12T19:49:24+00:00""}, {""tweet_id"": ""813345"", ""author_id"": ""AppleSupport"", ""text"": ""@313813 Let's have a closer look with you. What is being done on the device when it turns itself off?"", ""created_at"": ""2017-10-12T20:04:29+00:00""}, {""tweet_id"": ""813346"", ""author_id"": ""313813"", ""text"": ""@AppleSupport It’s whenever my phone is on charge for longer than a couple of hours!? Also all my iCloud photos have disappeared. How do I get them back?"", ""created_at"": ""2017-10-12T20:05:18+00:00""}]",@AppleSupport It’s whenever my phone is on charge for longer than a couple of hours!? Also all my iCloud photos have disappeared. How do I get them back?,STANDARD,BATTERY_DRAIN,ACCOUNT_ACCESS,ACCOUNT_RECOVERY,AUTO_REPLY,ALL_POLICIES_PASSED,apple_faq_account_password,We're here to help you regain access to your account securely. You can reset your password or unlock your Apple ID at https://iforgot.apple.com or from a trusted Apple device.,Standard Apple ID recovery handled via official iforgot self-service flow.,lead_adjudicator,APPROVED
262233,BILLING_DISPUTE,Intent-stratified sample; suggested intent is not a label.,"[{""tweet_id"": ""262233"", ""author_id"": ""178462"", ""text"": ""@AppleSupport Hi, I’d like to buy an app with my balance but keep getting asked for valid payment method. PayPal is no longer available."", ""created_at"": ""2017-10-05T20:57:56+00:00""}]","@AppleSupport Hi, I’d like to buy an app with my balance but keep getting asked for valid payment method. PayPal is no longer available.",STANDARD,BILLING_DISPUTE,UNKNOWN,GENERAL_INQUIRY,HANDOFF,LOW_INTENT_CONFIDENCE,apple_faq_general_handoff,We'd like to learn more about what you're experiencing. Please DM us your device model and details so we can help.,"Ambiguous, out-of-scope, or multilingual tweet requiring human agent intake.",lead_adjudicator,APPROVED
2256295,DEVICE_BOOT,Intent-stratified sample; suggested intent is not a label.,"[{""tweet_id"": ""2256298"", ""author_id"": ""657147"", ""text"": ""@AppleSupport while y’all fixing stuff ... Wtf is this when I use passcode to unlock my iPhone X? 😡🤬 https://t.co/8jM4TeHP3A"", ""created_at"": ""2017-11-10T20:01:40+00:00""}, {""tweet_id"": ""2256296"", ""author_id"": ""657147"", ""text"": ""@AppleSupport How y’all fix the I crap but now this happens in my texts??? This crap phone is going back ... https://t.co/M5Bepq4Ocx"", ""created_at"": ""2017-11-10T20:03:08+00:00""}, {""tweet_id"": ""2256294"", ""author_id"": ""AppleSupport"", ""text"": ""@657147 Congrats on your new iPhone X! We're here to help out. Which iOS version is running on your iPhone X? Have you had a moment to restart normally after noticing these issues? This can help: https://t.co/OWRDHWSt4h"", ""created_at"": ""2017-11-10T22:26:00+00:00""}, {""tweet_id"": ""2256295"", ""author_id"": ""657147"", ""text"": ""@AppleSupport The newest iOS &amp; yes I’ve restarted my phone. Same issues."", ""created_at"": ""2017-11-10T22:32:02+00:00""}]",@AppleSupport The newest iOS &amp; yes I’ve restarted my phone. Same issues.,STANDARD,DEVICE_BOOT,DEVICE_BOOT,TROUBLESHOOTING,AUTO_REPLY,ALL_POLICIES_PASSED,apple_faq_device_boot,"Let's help get your device working smoothly again. Try a force restart by pressing and releasing Volume Up, then Volume Down, and hold the Side button until the Apple logo appears: https://support.apple.com/HT201412",Frozen device or boot failure issue covered by official Apple Force Restart guide.,lead_adjudicator,APPROVED
